-- phpMyAdmin SQL Dump
-- version 4.9.0.1
-- https://www.phpmyadmin.net/
--
-- Host: 127.0.0.1
-- Generation Time: Dec 07, 2021 at 12:16 AM
-- Server version: 10.4.6-MariaDB
-- PHP Version: 7.3.8

SET SQL_MODE = "NO_AUTO_VALUE_ON_ZERO";
SET AUTOCOMMIT = 0;
START TRANSACTION;
SET time_zone = "+00:00";


/*!40101 SET @OLD_CHARACTER_SET_CLIENT=@@CHARACTER_SET_CLIENT */;
/*!40101 SET @OLD_CHARACTER_SET_RESULTS=@@CHARACTER_SET_RESULTS */;
/*!40101 SET @OLD_COLLATION_CONNECTION=@@COLLATION_CONNECTION */;
/*!40101 SET NAMES utf8mb4 */;

--
-- Database: `vacto`
--
CREATE DATABASE IF NOT EXISTS `vacto` DEFAULT CHARACTER SET latin1 COLLATE latin1_swedish_ci;
USE `vacto`;

-- --------------------------------------------------------

--
-- Table structure for table `achievement`
--

DROP TABLE IF EXISTS `achievement`;
CREATE TABLE `achievement` (
  `id` int(11) NOT NULL,
  `name` varchar(64) NOT NULL,
  `description` varchar(180) NOT NULL,
  `pic` varchar(32) NOT NULL
) ENGINE=InnoDB DEFAULT CHARSET=latin1;

--
-- Dumping data for table `achievement`
--

INSERT INTO `achievement` (`id`, `name`, `description`, `pic`) VALUES
(1, 'True Beginner', 'Finished your first standard game of Vacto', ''),
(2, 'Early Bird', 'Finished a game of Vacto at 01:00 - 05:00', ''),
(3, 'Night Owl', 'Finished a game of Vacto at 22:00 - 00:59', ''),
(4, 'TickTock', 'Spent 3 minutes total in timed gamemode', ''),
(5, 'Second to None', 'Reached Tier 2', ''),
(6, 'Three Degrees of Separation', 'Reached Tier 3', ''),
(7, 'Four is Good', 'Reached Tier 4', ''),
(8, 'Penta-sort', 'Reached Tier 5', ''),
(9, 'Sixers', 'Reached Tier 6', ''),
(10, 'Legendary Status', 'Reached Tier 7', ''),
(11, 'Decavacto', 'Finished your 10th standard game of Vacto', ''),
(12, 'Centavacto', 'Finished your 100th standard game of Vacto', ''),
(13, 'Time is Money', 'Spent 15 minutes total in timed gamemode', ''),
(14, 'Been There for Quite Some Time', 'Spent 30 minutes total in timed gamemode', ''),
(15, 'Challenger', 'Win your first challenge gamemode', ''),
(16, 'A Worthy Duelist', 'Win your 10th challenge gamemode', ''),
(17, 'Conqueror', 'Win your 100th game of challenge gamemode', '');

-- --------------------------------------------------------

--
-- Table structure for table `challenge`
--

DROP TABLE IF EXISTS `challenge`;
CREATE TABLE `challenge` (
  `id` int(11) NOT NULL,
  `date` datetime NOT NULL DEFAULT current_timestamp(),
  `questions` varchar(64) NOT NULL COMMENT 'news id only separated by comma',
  `user1` varchar(9) NOT NULL,
  `user2` varchar(9) NOT NULL,
  `user1_completed` varchar(1) NOT NULL,
  `user2_completed` varchar(1) NOT NULL,
  `user1_ca` int(11) NOT NULL,
  `user2_ca` int(11) NOT NULL
) ENGINE=InnoDB DEFAULT CHARSET=latin1;

--
-- Dumping data for table `challenge`
--

INSERT INTO `challenge` (`id`, `date`, `questions`, `user1`, `user2`, `user1_completed`, `user2_completed`, `user1_ca`, `user2_ca`) VALUES
(19, '2021-11-26 23:27:53', '27,3,19,1,8,24,25,23,11,10', '1126001', '1234567', 'y', 'n', 4, 0),
(20, '2021-11-27 00:12:04', '8,24,26,21,16,29,10,23,14,2', '1126002', '1126001', 'y', 'n', 9, 0),
(21, '2021-11-27 00:51:49', '12,2,24,16,27,19,28,22,7,13', '1127001', '1126002', 'y', 'y', 7, 8),
(22, '2021-11-27 01:03:18', '13,25,12,30,15,27,1,21,17,23', '1127002', '1126001', 'y', 'n', 10, 0),
(23, '2021-11-27 01:08:20', '2,12,14,28,8,25,5,23,4,22', '1127002', '1234567', 'y', 'n', 9, 0),
(24, '2021-11-27 17:49:31', '2,19,10,27,23,30,11,13,6,26', '1127003', '1234567', 'y', 'y', 9, 8),
(25, '2021-11-27 22:38:54', '26,2,6,12,27,22,24,29,19,10', '1127004', '1127003', 'y', 'n', 4, 0),
(26, '2021-11-27 22:39:37', '6,15,11,22,4,27,20,2,25,9', '1127004', '1127003', 'y', 'n', 7, 0),
(27, '2021-11-27 22:40:28', '4,3,8,9,23,15,22,24,27,1', '1127004', '1127003', 'y', 'n', 8, 0),
(28, '2021-11-28 02:44:02', '4,27,15,25,7,30,21,31,10,17', '1234567', '1126002', 'y', 'n', 2, 0),
(29, '2021-11-28 02:49:10', '10,25,28,17,15,26,11,1,14,19', '1234567', '1126002', 'y', 'n', 10, 0),
(30, '2021-11-28 20:17:17', '25,12,29,14,26,19,32,6,9,20', '1128001', '1127003', 'y', 'n', 0, 0),
(31, '2021-11-28 20:19:45', '16,7,15,9,18,25,31,22,11,19', '1128001', '1127004', 'y', 'y', 10, 11),
(32, '2021-12-06 17:43:36', '12,32,23,18,7,2,27,1,15,3', '1206008', '1206007', 'y', 'n', 8, 0),
(33, '2021-12-06 18:18:31', '7,15,31,3,30,29,8,27,32,16', '1206003', '1234567', 'y', 'n', 8, 0),
(34, '2021-12-07 02:33:22', '26,8,31,13,10,21,11,30,24,5', '1207001', '1234567', 'y', 'y', 9, 9);

-- --------------------------------------------------------

--
-- Table structure for table `countries`
--

DROP TABLE IF EXISTS `countries`;
CREATE TABLE `countries` (
  `name` varchar(100) NOT NULL,
  `abv` char(2) NOT NULL DEFAULT '' COMMENT 'ISO 3661-1 alpha-2',
  `abv3` char(3) DEFAULT NULL COMMENT 'ISO 3661-1 alpha-3',
  `abv3_alt` char(3) DEFAULT NULL,
  `code` char(3) DEFAULT NULL COMMENT 'ISO 3661-1 numeric',
  `slug` varchar(100) NOT NULL
) ENGINE=MyISAM DEFAULT CHARSET=utf8;

--
-- Dumping data for table `countries`
--

INSERT INTO `countries` (`name`, `abv`, `abv3`, `abv3_alt`, `code`, `slug`) VALUES
('Afghanistan', 'AF', 'AFG', NULL, '4', 'afghanistan'),
('Aland Islands', 'AX', 'ALA', NULL, '248', 'aland-islands'),
('Albania', 'AL', 'ALB', NULL, '8', 'albania'),
('Algeria', 'DZ', 'DZA', NULL, '12', 'algeria'),
('American Samoa', 'AS', 'ASM', NULL, '16', 'american-samoa'),
('Andorra', 'AD', 'AND', NULL, '20', 'andorra'),
('Angola', 'AO', 'AGO', NULL, '24', 'angola'),
('Anguilla', 'AI', 'AIA', NULL, '660', 'anguilla'),
('Antigua and Barbuda', 'AG', 'ATG', NULL, '28', 'antigua-and-barbuda'),
('Argentina', 'AR', 'ARG', NULL, '32', 'argentina'),
('Armenia', 'AM', 'ARM', NULL, '51', 'armenia'),
('Aruba', 'AW', 'ABW', NULL, '533', 'aruba'),
('Australia', 'AU', 'AUS', NULL, '36', 'australia'),
('Austria', 'AT', 'AUT', NULL, '40', 'austria'),
('Azerbaijan', 'AZ', 'AZE', NULL, '31', 'azerbaijan'),
('Bahamas', 'BS', 'BHS', NULL, '44', 'bahamas'),
('Bahrain', 'BH', 'BHR', NULL, '48', 'bahrain'),
('Bangladesh', 'BD', 'BGD', NULL, '50', 'bangladesh'),
('Barbados', 'BB', 'BRB', NULL, '52', 'barbados'),
('Belarus', 'BY', 'BLR', NULL, '112', 'belarus'),
('Belgium', 'BE', 'BEL', NULL, '56', 'belgium'),
('Belize', 'BZ', 'BLZ', NULL, '84', 'belize'),
('Benin', 'BJ', 'BEN', NULL, '204', 'benin'),
('Bermuda', 'BM', 'BMU', NULL, '60', 'bermuda'),
('Bhutan', 'BT', 'BTN', NULL, '64', 'bhutan'),
('Bolivia', 'BO', 'BOL', NULL, '68', 'bolivia'),
('Bosnia and Herzegovina', 'BA', 'BIH', NULL, '70', 'bosnia-and-herzegovina'),
('Botswana', 'BW', 'BWA', NULL, '72', 'botswana'),
('Brazil', 'BR', 'BRA', NULL, '76', 'brazil'),
('British Virgin Islands', 'VG', 'VGB', NULL, '92', 'british-virgin-islands'),
('Brunei Darussalam', 'BN', 'BRN', NULL, '96', 'brunei-darussalam'),
('Bulgaria', 'BG', 'BGR', NULL, '100', 'bulgaria'),
('Burkina Faso', 'BF', 'BFA', NULL, '854', 'burkina-faso'),
('Burundi', 'BI', 'BDI', NULL, '108', 'burundi'),
('Cambodia', 'KH', 'KHM', NULL, '116', 'cambodia'),
('Cameroon', 'CM', 'CMR', NULL, '120', 'cameroon'),
('Canada', 'CA', 'CAN', NULL, '124', 'canada'),
('Cape Verde', 'CV', 'CPV', NULL, '132', 'cape-verde'),
('Cayman Islands', 'KY', 'CYM', NULL, '136', 'cayman-islands'),
('Central African Republic', 'CF', 'CAF', NULL, '140', 'central-african-republic'),
('Chad', 'TD', 'TCD', NULL, '148', 'chad'),
('Chile', 'CL', 'CHL', 'CHI', '152', 'chile'),
('China', 'CN', 'CHN', NULL, '156', 'china'),
('Colombia', 'CO', 'COL', NULL, '170', 'colombia'),
('Comoros', 'KM', 'COM', NULL, '174', 'comoros'),
('Congo', 'CG', 'COG', NULL, '178', 'congo'),
('Cook Islands', 'CK', 'COK', NULL, '184', 'cook-islands'),
('Costa Rica', 'CR', 'CRI', NULL, '188', 'costa-rica'),
('Cote d\'Ivoire', 'CI', 'CIV', NULL, '384', 'cote-divoire'),
('Croatia', 'HR', 'HRV', NULL, '191', 'croatia'),
('Cuba', 'CU', 'CUB', NULL, '192', 'cuba'),
('Cyprus', 'CY', 'CYP', NULL, '196', 'cyprus'),
('Czech Republic', 'CZ', 'CZE', NULL, '203', 'czech-republic'),
('Democratic Republic of the Congo', 'CD', 'COD', NULL, '180', 'democratic-republic-of-congo'),
('Denmark', 'DK', 'DNK', NULL, '208', 'denmark'),
('Djibouti', 'DJ', 'DJI', NULL, '262', 'djibouti'),
('Dominica', 'DM', 'DMA', NULL, '212', 'dominica'),
('Dominican Republic', 'DO', 'DOM', NULL, '214', 'dominican-republic'),
('Ecuador', 'EC', 'ECU', NULL, '218', 'ecuador'),
('Egypt', 'EG', 'EGY', NULL, '818', 'egypt'),
('El Salvador', 'SV', 'SLV', NULL, '222', 'el-salvador'),
('Equatorial Guinea', 'GQ', 'GNQ', NULL, '226', 'equatorial-guinea'),
('Eritrea', 'ER', 'ERI', NULL, '232', 'eritrea'),
('Estonia', 'EE', 'EST', NULL, '233', 'estonia'),
('Ethiopia', 'ET', 'ETH', NULL, '231', 'ethiopia'),
('Faeroe Islands', 'FO', 'FRO', NULL, '234', 'faeroe-islands'),
('Falkland Islands', 'FK', 'FLK', NULL, '238', 'falkland-islands'),
('Fiji', 'FJ', 'FJI', NULL, '242', 'fiji'),
('Finland', 'FI', 'FIN', NULL, '246', 'finland'),
('France', 'FR', 'FRA', NULL, '250', 'france'),
('French Guiana', 'GF', 'GUF', NULL, '254', 'french-guiana'),
('French Polynesia', 'PF', 'PYF', NULL, '258', 'french-polynesia'),
('Gabon', 'GA', 'GAB', NULL, '266', 'gabon'),
('Gambia', 'GM', 'GMB', NULL, '270', 'gambia'),
('Georgia', 'GE', 'GEO', NULL, '268', 'georgia'),
('Germany', 'DE', 'DEU', NULL, '276', 'germany'),
('Ghana', 'GH', 'GHA', NULL, '288', 'ghana'),
('Gibraltar', 'GI', 'GIB', NULL, '292', 'gibraltar'),
('Greece', 'GR', 'GRC', NULL, '300', 'greece'),
('Greenland', 'GL', 'GRL', NULL, '304', 'greenland'),
('Grenada', 'GD', 'GRD', NULL, '308', 'grenada'),
('Guadeloupe', 'GP', 'GLP', NULL, '312', 'guadeloupe'),
('Guam', 'GU', 'GUM', NULL, '316', 'guam'),
('Guatemala', 'GT', 'GTM', NULL, '320', 'guatemala'),
('Guernsey', 'GG', 'GGY', NULL, '831', 'guernsey'),
('Guinea', 'GN', 'GIN', NULL, '324', 'guinea'),
('Guinea-Bissau', 'GW', 'GNB', NULL, '624', 'guinea-bissau'),
('Guyana', 'GY', 'GUY', NULL, '328', 'guyana'),
('Haiti', 'HT', 'HTI', NULL, '332', 'haiti'),
('Holy See', 'VA', 'VAT', NULL, '336', 'holy-see'),
('Honduras', 'HN', 'HND', NULL, '340', 'honduras'),
('Hong Kong', 'HK', 'HKG', NULL, '344', 'hong-kong'),
('Hungary', 'HU', 'HUN', NULL, '348', 'hungary'),
('Iceland', 'IS', 'ISL', NULL, '352', 'iceland'),
('India', 'IN', 'IND', NULL, '356', 'india'),
('Indonesia', 'ID', 'IDN', NULL, '360', 'indonesia'),
('Iran', 'IR', 'IRN', NULL, '364', 'iran'),
('Iraq', 'IQ', 'IRQ', NULL, '368', 'iraq'),
('Ireland', 'IE', 'IRL', NULL, '372', 'ireland'),
('Isle of Man', 'IM', 'IMN', NULL, '833', 'isle-of-man'),
('Israel', 'IL', 'ISR', NULL, '376', 'israel'),
('Italy', 'IT', 'ITA', NULL, '380', 'italy'),
('Jamaica', 'JM', 'JAM', NULL, '388', 'jamaica'),
('Japan', 'JP', 'JPN', NULL, '392', 'japan'),
('Jersey', 'JE', 'JEY', NULL, '832', 'jersey'),
('Jordan', 'JO', 'JOR', NULL, '400', 'jordan'),
('Kazakhstan', 'KZ', 'KAZ', NULL, '398', 'kazakhstan'),
('Kenya', 'KE', 'KEN', NULL, '404', 'kenya'),
('Kiribati', 'KI', 'KIR', NULL, '296', 'kiribati'),
('Kuwait', 'KW', 'KWT', NULL, '414', 'kuwait'),
('Kyrgyzstan', 'KG', 'KGZ', NULL, '417', 'kyrgyzstan'),
('Laos', 'LA', 'LAO', NULL, '418', 'laos'),
('Latvia', 'LV', 'LVA', NULL, '428', 'latvia'),
('Lebanon', 'LB', 'LBN', NULL, '422', 'lebanon'),
('Lesotho', 'LS', 'LSO', NULL, '426', 'lesotho'),
('Liberia', 'LR', 'LBR', NULL, '430', 'liberia'),
('Libyan Arab Jamahiriya', 'LY', 'LBY', NULL, '434', 'libyan-arab-jamahiriya'),
('Liechtenstein', 'LI', 'LIE', NULL, '438', 'liechtenstein'),
('Lithuania', 'LT', 'LTU', NULL, '440', 'lithuania'),
('Luxembourg', 'LU', 'LUX', NULL, '442', 'luxembourg'),
('Macao', 'MO', 'MAC', NULL, '446', 'macao'),
('Macedonia', 'MK', 'MKD', NULL, '807', 'macedonia'),
('Madagascar', 'MG', 'MDG', NULL, '450', 'madagascar'),
('Malawi', 'MW', 'MWI', NULL, '454', 'malawi'),
('Malaysia', 'MY', 'MYS', NULL, '458', 'malaysia'),
('Maldives', 'MV', 'MDV', NULL, '462', 'maldives'),
('Mali', 'ML', 'MLI', NULL, '466', 'mali'),
('Malta', 'MT', 'MLT', NULL, '470', 'malta'),
('Marshall Islands', 'MH', 'MHL', NULL, '584', 'marshall-islands'),
('Martinique', 'MQ', 'MTQ', NULL, '474', 'martinique'),
('Mauritania', 'MR', 'MRT', NULL, '478', 'mauritania'),
('Mauritius', 'MU', 'MUS', NULL, '480', 'mauritius'),
('Mayotte', 'YT', 'MYT', NULL, '175', 'mayotte'),
('Mexico', 'MX', 'MEX', NULL, '484', 'mexico'),
('Micronesia', 'FM', 'FSM', NULL, '583', 'micronesia'),
('Moldova', 'MD', 'MDA', NULL, '498', 'moldova'),
('Monaco', 'MC', 'MCO', NULL, '492', 'monaco'),
('Mongolia', 'MN', 'MNG', NULL, '496', 'mongolia'),
('Montenegro', 'ME', 'MNE', NULL, '499', 'montenegro'),
('Montserrat', 'MS', 'MSR', NULL, '500', 'montserrat'),
('Morocco', 'MA', 'MAR', NULL, '504', 'morocco'),
('Mozambique', 'MZ', 'MOZ', NULL, '508', 'mozambique'),
('Myanmar', 'MM', 'MMR', 'BUR', '104', 'myanmar'),
('Namibia', 'NA', 'NAM', NULL, '516', 'namibia'),
('Nauru', 'NR', 'NRU', NULL, '520', 'nauru'),
('Nepal', 'NP', 'NPL', NULL, '524', 'nepal'),
('Netherlands', 'NL', 'NLD', NULL, '528', 'netherlands'),
('Netherlands Antilles', 'AN', 'ANT', NULL, '530', 'netherlands-antilles'),
('New Caledonia', 'NC', 'NCL', NULL, '540', 'new-caledonia'),
('New Zealand', 'NZ', 'NZL', NULL, '554', 'new-zealand'),
('Nicaragua', 'NI', 'NIC', NULL, '558', 'nicaragua'),
('Niger', 'NE', 'NER', NULL, '562', 'niger'),
('Nigeria', 'NG', 'NGA', NULL, '566', 'nigeria'),
('Niue', 'NU', 'NIU', NULL, '570', 'niue'),
('Norfolk Island', 'NF', 'NFK', NULL, '574', 'norfolk-island'),
('North Korea', 'KP', 'PRK', NULL, '408', 'north-korea'),
('Northern Mariana Islands', 'MP', 'MNP', NULL, '580', 'northern-mariana-islands'),
('Norway', 'NO', 'NOR', NULL, '578', 'norway'),
('Oman', 'OM', 'OMN', NULL, '512', 'oman'),
('Pakistan', 'PK', 'PAK', NULL, '586', 'pakistan'),
('Palau', 'PW', 'PLW', NULL, '585', 'palau'),
('Palestine', 'PS', 'PSE', NULL, '275', 'palestine'),
('Panama', 'PA', 'PAN', NULL, '591', 'panama'),
('Papua New Guinea', 'PG', 'PNG', NULL, '598', 'papua-new-guinea'),
('Paraguay', 'PY', 'PRY', NULL, '600', 'paraguay'),
('Peru', 'PE', 'PER', NULL, '604', 'peru'),
('Philippines', 'PH', 'PHL', NULL, '608', 'philippines'),
('Pitcairn', 'PN', 'PCN', NULL, '612', 'pitcairn'),
('Poland', 'PL', 'POL', NULL, '616', 'poland'),
('Portugal', 'PT', 'PRT', NULL, '620', 'portugal'),
('Puerto Rico', 'PR', 'PRI', NULL, '630', 'puerto-rico'),
('Qatar', 'QA', 'QAT', NULL, '634', 'qatar'),
('Reunion', 'RE', 'REU', NULL, '638', 'reunion'),
('Romania', 'RO', 'ROU', 'ROM', '642', 'romania'),
('Russian Federation', 'RU', 'RUS', NULL, '643', 'russian-federation'),
('Rwanda', 'RW', 'RWA', NULL, '646', 'rwanda'),
('Saint Helena', 'SH', 'SHN', NULL, '654', 'saint-helena'),
('Saint Kitts and Nevis', 'KN', 'KNA', NULL, '659', 'saint-kitts-and-nevis'),
('Saint Lucia', 'LC', 'LCA', NULL, '662', 'saint-lucia'),
('Saint Pierre and Miquelon', 'PM', 'SPM', NULL, '666', 'saint-pierre-and-miquelon'),
('Saint Vincent and the Grenadines', 'VC', 'VCT', NULL, '670', 'saint-vincent-and-grenadines'),
('Saint-Barthelemy', 'BL', 'BLM', NULL, '652', 'saint-barthelemy'),
('Saint-Martin', 'MF', 'MAF', NULL, '663', 'saint-martin'),
('Samoa', 'WS', 'WSM', NULL, '882', 'samoa'),
('San Marino', 'SM', 'SMR', NULL, '674', 'san-marino'),
('Sao Tome and Principe', 'ST', 'STP', NULL, '678', 'sao-tome-and-principe'),
('Saudi Arabia', 'SA', 'SAU', NULL, '682', 'saudi-arabia'),
('Senegal', 'SN', 'SEN', NULL, '686', 'senegal'),
('Serbia', 'RS', 'SRB', NULL, '688', 'serbia'),
('Seychelles', 'SC', 'SYC', NULL, '690', 'seychelles'),
('Sierra Leone', 'SL', 'SLE', NULL, '694', 'sierra-leone'),
('Singapore', 'SG', 'SGP', NULL, '702', 'singapore'),
('Slovakia', 'SK', 'SVK', NULL, '703', 'slovakia'),
('Slovenia', 'SI', 'SVN', NULL, '705', 'slovenia'),
('Solomon Islands', 'SB', 'SLB', NULL, '90', 'solomon-islands'),
('Somalia', 'SO', 'SOM', NULL, '706', 'somalia'),
('South Africa', 'ZA', 'ZAF', NULL, '710', 'south-africa'),
('South Korea', 'KR', 'KOR', NULL, '410', 'south-korea'),
('South Sudan', 'SS', 'SSD', NULL, '728', 'south-sudan'),
('Spain', 'ES', 'ESP', NULL, '724', 'spain'),
('Sri Lanka', 'LK', 'LKA', NULL, '144', 'sri-lanka'),
('Sudan', 'SD', 'SDN', NULL, '729', 'sudan'),
('Suriname', 'SR', 'SUR', NULL, '740', 'suriname'),
('Svalbard and Jan Mayen Islands', 'SJ', 'SJM', NULL, '744', 'svalbard-and-jan-mayen-islands'),
('Swaziland', 'SZ', 'SWZ', NULL, '748', 'swaziland'),
('Sweden', 'SE', 'SWE', NULL, '752', 'sweden'),
('Switzerland', 'CH', 'CHE', NULL, '756', 'switzerland'),
('Syrian Arab Republic', 'SY', 'SYR', NULL, '760', 'syrian-arab-republic'),
('Tajikistan', 'TJ', 'TJK', NULL, '762', 'tajikistan'),
('Tanzania', 'TZ', 'TZA', NULL, '834', 'tanzania'),
('Thailand', 'TH', 'THA', NULL, '764', 'thailand'),
('Timor-Leste', 'TP', 'TLS', NULL, '626', 'timor-leste'),
('Togo', 'TG', 'TGO', NULL, '768', 'togo'),
('Tokelau', 'TK', 'TKL', NULL, '772', 'tokelau'),
('Tonga', 'TO', 'TON', NULL, '776', 'tonga'),
('Trinidad and Tobago', 'TT', 'TTO', NULL, '780', 'trinidad-and-tobago'),
('Tunisia', 'TN', 'TUN', NULL, '788', 'tunisia'),
('Turkey', 'TR', 'TUR', NULL, '792', 'turkey'),
('Turkmenistan', 'TM', 'TKM', NULL, '795', 'turkmenistan'),
('Turks and Caicos Islands', 'TC', 'TCA', NULL, '796', 'turks-and-caicos-islands'),
('Tuvalu', 'TV', 'TUV', NULL, '798', 'tuvalu'),
('U.S. Virgin Islands', 'VI', 'VIR', NULL, '850', 'us-virgin-islands'),
('Uganda', 'UG', 'UGA', NULL, '800', 'uganda'),
('Ukraine', 'UA', 'UKR', NULL, '804', 'ukraine'),
('United Arab Emirates', 'AE', 'ARE', NULL, '784', 'united-arab-emirates'),
('United Kingdom', 'UK', 'GBR', NULL, '826', 'united-kingdom'),
('United States', 'US', 'USA', NULL, '840', 'united-states'),
('Uruguay', 'UY', 'URY', NULL, '858', 'uruguay'),
('Uzbekistan', 'UZ', 'UZB', NULL, '860', 'uzbekistan'),
('Vanuatu', 'VU', 'VUT', NULL, '548', 'vanuatu'),
('Venezuela', 'VE', 'VEN', NULL, '862', 'venezuela'),
('Viet Nam', 'VN', 'VNM', NULL, '704', 'viet-nam'),
('Wallis and Futuna Islands', 'WF', 'WLF', NULL, '876', 'wallis-and-futuna-islands'),
('Western Sahara', 'EH', 'ESH', NULL, '732', 'western-sahara'),
('Yemen', 'YE', 'YEM', NULL, '887', 'yemen'),
('Zambia', 'ZM', 'ZMB', NULL, '894', 'zambia'),
('Zimbabwe', 'ZW', 'ZWE', NULL, '716', 'zimbabwe');

-- --------------------------------------------------------

--
-- Table structure for table `feed`
--

DROP TABLE IF EXISTS `feed`;
CREATE TABLE `feed` (
  `id` int(11) NOT NULL,
  `date` datetime NOT NULL DEFAULT current_timestamp(),
  `content` varchar(255) NOT NULL,
  `user` varchar(9) NOT NULL,
  `opponent` varchar(9) DEFAULT NULL,
  `achievement` int(11) DEFAULT 0
) ENGINE=InnoDB DEFAULT CHARSET=latin1;

--
-- Dumping data for table `feed`
--

INSERT INTO `feed` (`id`, `date`, `content`, `user`, `opponent`, `achievement`) VALUES
(2, '2021-11-26 23:25:06', 'achievement', '1126001', '', 3),
(3, '2021-11-26 23:25:06', 'achievement', '1126001', '', 1),
(4, '2021-11-26 23:38:13', 'achievement', '1234567', '', 3),
(5, '2021-11-26 23:38:13', 'achievement', '1234567', '', 11),
(6, '2021-11-26 23:38:13', 'achievement', '1234567', '', 10),
(7, '2021-11-27 00:01:42', 'achievement', '1126002', '', 1),
(8, '2021-11-27 00:08:57', 'achievement', '1126002', '', 5),
(9, '2021-11-27 00:48:27', 'achievement', '1127001', '', 1),
(10, '2021-11-27 00:55:18', 'challenge_w', '1126002', 'sheryl', 0),
(11, '2021-11-27 00:55:19', 'achievement', '1126002', '', 15),
(12, '2021-11-27 01:01:48', 'achievement', '1127002', '', 2),
(13, '2021-11-27 01:01:48', 'achievement', '1127002', '', 1),
(14, '2021-11-27 01:32:32', 'achievement', '1234567', '', 2),
(15, '2021-11-27 17:46:31', 'achievement', '1127003', '', 1),
(16, '2021-11-27 22:37:01', 'achievement', '1127004', '', 3),
(17, '2021-11-27 22:37:01', 'achievement', '1127004', '', 1),
(18, '2021-11-27 22:47:28', 'achievement', '1127004', '', 5),
(19, '2021-11-27 22:55:57', 'achievement', '1127004', '', 6),
(20, '2021-11-27 22:56:31', 'achievement', '1127004', '', 11),
(21, '2021-11-27 23:00:23', 'achievement', '1127004', '', 7),
(22, '2021-11-28 02:25:24', 'achievement', '1234567', '', 4),
(23, '2021-11-28 03:41:13', 'challenge_l', '1234567', 'johanesr', 0),
(24, '2021-11-28 20:16:00', 'achievement', '1128001', '', 1),
(25, '2021-11-28 20:31:57', 'challenge_w', '1127004', 'Bobby San', 0),
(26, '2021-11-28 20:31:57', 'achievement', '1127004', '', 15),
(27, '2021-12-06 17:07:23', 'achievement', '1206001', '', 1),
(28, '2021-12-06 17:08:16', 'achievement', '1206001', '', 1),
(29, '2021-12-06 17:12:42', 'achievement', '1206002', '', 1),
(30, '2021-12-06 17:13:13', 'achievement', '1206002', '', 1),
(31, '2021-12-06 17:15:29', 'achievement', '1206003', '', 1),
(32, '2021-12-06 17:15:42', 'achievement', '1206003', '', 1),
(33, '2021-12-06 17:15:59', 'achievement', '1206003', '', 1),
(34, '2021-12-06 17:16:38', 'achievement', '1206003', '', 1),
(35, '2021-12-06 17:18:41', 'achievement', '1206004', '', 1),
(36, '2021-12-06 17:19:15', 'achievement', '1206004', '', 1),
(37, '2021-12-06 17:21:58', 'achievement', '1206005', '', 1),
(38, '2021-12-06 17:22:35', 'achievement', '1206005', '', 1),
(39, '2021-12-06 17:28:42', 'achievement', '1206006', '', 1),
(40, '2021-12-06 17:30:06', 'achievement', '1206006', '', 1),
(41, '2021-12-06 17:37:42', 'achievement', '1206007', '', 1),
(42, '2021-12-06 17:38:10', 'achievement', '1206007', '', 1),
(43, '2021-12-06 17:41:12', 'achievement', '1206008', '', 1),
(44, '2021-12-06 17:42:38', 'achievement', '1206008', '', 1),
(45, '2021-12-06 17:45:52', 'achievement', '1206009', '', 1),
(46, '2021-12-06 17:50:07', 'achievement', '1234567', '', 11),
(47, '2021-12-06 17:50:07', 'achievement', '1234567', '', 10),
(48, '2021-12-06 17:55:22', 'achievement', '1206003', '', 1),
(49, '2021-12-06 17:59:06', 'achievement', '1206010', '', 1),
(50, '2021-12-06 18:02:27', 'achievement', '1206011', '', 1),
(51, '2021-12-06 18:36:32', 'achievement', '1206012', '', 1),
(52, '2021-12-06 18:40:01', 'achievement', '1206013', '', 1),
(53, '2021-12-06 18:42:26', 'achievement', '1206014', '', 1),
(54, '2021-12-06 18:45:17', 'achievement', '1206015', '', 1),
(55, '2021-12-06 18:47:41', 'achievement', '1206016', '', 1),
(56, '2021-12-06 18:50:03', 'achievement', '1206017', '', 1),
(57, '2021-12-06 18:52:45', 'achievement', '1206018', '', 1),
(58, '2021-12-06 18:55:02', 'achievement', '1206019', '', 1),
(59, '2021-12-06 18:56:59', 'achievement', '1206020', '', 1),
(60, '2021-12-06 18:59:15', 'achievement', '1206021', '', 1),
(61, '2021-12-06 19:00:42', 'achievement', '1206022', '', 1),
(62, '2021-12-06 19:02:38', 'achievement', '1206023', '', 1),
(63, '2021-12-06 19:10:39', 'achievement', '1206024', '', 1),
(64, '2021-12-06 19:12:36', 'achievement', '1206025', '', 1),
(65, '2021-12-06 19:14:09', 'achievement', '1206026', '', 1),
(66, '2021-12-06 19:16:32', 'achievement', '1206027', '', 1),
(67, '2021-12-06 19:18:05', 'achievement', '1206028', '', 1),
(68, '2021-12-06 20:00:06', 'achievement', '1206029', '', 1),
(69, '2021-12-06 20:01:54', 'achievement', '1206030', '', 1),
(70, '2021-12-06 20:03:44', 'achievement', '1206031', '', 1),
(71, '2021-12-06 20:05:07', 'achievement', '1206032', '', 1),
(72, '2021-12-06 20:06:57', 'achievement', '1206033', '', 1),
(73, '2021-12-06 20:06:58', 'achievement', '1206033', '', 1),
(74, '2021-12-06 20:08:13', 'achievement', '1206034', '', 1),
(75, '2021-12-06 20:08:14', 'achievement', '1206034', '', 1),
(76, '2021-12-06 20:08:21', 'achievement', '1206034', '', 1),
(77, '2021-12-06 20:08:32', 'achievement', '1206034', '', 1),
(78, '2021-12-06 20:08:42', 'achievement', '1206034', '', 1),
(79, '2021-12-06 20:09:16', 'achievement', '1206034', '', 1),
(80, '2021-12-06 20:09:16', 'achievement', '1206034', '', 5),
(81, '2021-12-06 20:10:31', 'achievement', '1206035', '', 1),
(82, '2021-12-06 20:10:44', 'achievement', '1206035', '', 1),
(83, '2021-12-06 20:11:57', 'achievement', '1206036', '', 1),
(84, '2021-12-06 20:13:25', 'achievement', '1206037', '', 1),
(85, '2021-12-06 20:15:45', 'achievement', '1206038', '', 1),
(86, '2021-12-06 20:17:18', 'achievement', '1206039', '', 1),
(87, '2021-12-06 20:18:35', 'achievement', '1206040', '', 1),
(88, '2021-12-06 20:18:35', 'achievement', '1206040', '', 1),
(89, '2021-12-06 20:20:28', 'achievement', '1206041', '', 1),
(90, '2021-12-06 20:21:35', 'achievement', '1206042', '', 1),
(91, '2021-12-06 20:22:43', 'achievement', '1206043', '', 1),
(92, '2021-12-06 20:23:57', 'achievement', '1206044', '', 1),
(93, '2021-12-06 20:26:17', 'achievement', '1206045', '', 1),
(99, '2021-12-07 02:31:00', 'achievement', '1207001', '', 2),
(100, '2021-12-07 02:31:00', 'achievement', '1207001', '', 1),
(101, '2021-12-07 02:36:31', 'challenge_d', '1234567', 'hellios', 0);

-- --------------------------------------------------------

--
-- Table structure for table `news`
--

DROP TABLE IF EXISTS `news`;
CREATE TABLE `news` (
  `id` int(11) NOT NULL,
  `author` varchar(9) NOT NULL COMMENT 'none if not created by user, and user id when created by user',
  `title` varchar(200) NOT NULL,
  `date` date NOT NULL,
  `picture` varchar(300) NOT NULL DEFAULT 'default-news-pic.png',
  `content` text NOT NULL,
  `source` varchar(300) NOT NULL,
  `type` varchar(2) NOT NULL COMMENT 'or = original / uc = user created',
  `sub_type` varchar(3) NOT NULL COMMENT 'url / pho = photo / nor = normal',
  `answer` varchar(5) NOT NULL,
  `valid` varchar(1) DEFAULT 'n' COMMENT 'y=Yes / n=No'
) ENGINE=InnoDB DEFAULT CHARSET=latin1;

--
-- Dumping data for table `news`
--

INSERT INTO `news` (`id`, `author`, `title`, `date`, `picture`, `content`, `source`, `type`, `sub_type`, `answer`, `valid`) VALUES
(1, 'admin', 'Dua Studi Ini Buktikan Manfaat Rokok Elektrik untuk Berhenti Merokok', '2016-09-15', 'https://akcdn.detik.net.id/community/media/visual/2016/09/13/40d5afaf-ee7d-48aa-80b7-418e1e9a886c_43.jpg?w=700&q=90', 'Jakarta - Pro-kontra tentang manfaat rokok elektrik bagi kesehatan masih ramai diperbincangkan. Sebagian ilmuwan mengatakan rokok elektrik tidak membantu perokok untuk berhenti merokok. Sementara sebagian lainnya menyebut rokok elektrik dapat membantu perokok untuk berhenti.\r\nStudi terbaru yang dilakukan oleh peneliti dari Cochrane Review menyebut rokok elektrik mampu mengurangi jumlah rokok yang diisap. Penelitian ini juga membuktikan tidak ada efek samping berarti yang ditemukan pada pengguna rokok elektrik dalam 2 tahun terakhir.\r\nEfek samping yang terjadi hanya berupa iritasi tenggorokan dan mulut. Meski begitu, peneliti menyebut masih butuh waktu lama untuk melihat apakah rokok elektrik benar-benar tidak menimbulkan efek samping serius.', 'health.detik.com', 'or', 'nor', 'legit', 'y'),
(2, 'admin', 'BPJS Mulai Dikeluhkan Masyarakat', '2014-01-07', 'https://img.beritasatu.com/cache/beritasatu/910x580-2/1388729875.jpg', 'Makassar - Kinerja Badan Penyelenggara Jaminan Sosial (BPJS) Kesehatan yang diluncurkan pemerintah mulai 1 Januari 2014 mulai menuai sejumlah kontroversi dan keluhan di masyarakat.\r\n\"BPJS ini mulai terlihat menyusahkan rakyat karena pelayanannya kurang bagus di lapangan, bahkan obat-obatan yang selama ini ditanggung Askes malah sekarang tidak ditanggung lagi,\" kata salah satu peserta BPJS, Niko Beni di Makassar, Sulawesi Selatan, Selasa (7/1).\r\nIa menyebutkan, semangat dari BPJS dan bertujuan untuk membantu masyarakat, ternyata jauh dari harapan.\r\n\"Contohnya saya, mengantar istri berobat di RS Wahidin Sudirohusodo, kemudian ingin menebus obat di apotik yang biasa selama ini ditanggung Askes, tetapi faktanya tidak dikasih dengan alasan tidak lagi ditanggung kalau peserta BPJS, bahkan parahnya petugas apotik menyuruh saya membeli obat di luar rumah sakit tersebut,\" keluhnya.', 'www.beritasatu.com', 'or', 'nor', 'hoax', 'y'),
(3, 'admin', 'Trastuzumab, Obat Kanker Payudara yang Tak Lagi Ditanggung BPJS', '2018-04-01', 'https://www.pngall.com/wp-content/uploads/2/Medicine-Pills-PNG-Background.png', 'tirto.id - Kanker merupakan salah satu penyakit yang membawa pengaruh besar terhadap kehidupan sosial ekonomi penderitanya. Proses pengobatan dan obat-obat kanker butuh biaya yang tak sedikit.\r\nSejak pertama kali Badan Penyelenggara Jaminan Sosial Kesehatan (BPJS) Kesehatan dibuka dan menjamin pengobatan pasien kanker. Jumlah penderita kanker yang selama ini “bersembunyi” akibat ketidakmampuan biaya akhirnya muncul ke permukaan.\r\nKepala Subdirektorat Penyakit Kanker dan Kelainan Darah Kementerian Kesehatan (Kemenkes) Niken Wastu Palupi mengatakan, jumlah pembiayaan untuk pengobatan kanker terus naik dari tahun ke tahun. Berdasarkan data BPJS Kesehatan, beban biaya kanker pada 2014 mencapai Rp1,5 triliun, meningkat pada 2015 jadi Rp2,2 triliun. Pada 2016, biayanya bertambah jadi Rp2,3 triliun. Pada 2017, hingga September saja biaya sudah mencapai Rp2,1 triliun.\r\nBeban biaya pengobatan untuk kanker ada di urutan kedua setelah jantung. Padahal jumlah kasus kanker di Indonesia hanya mencapai 4,8 juta sementara jantung mencapai 22,9 juta kasus. “Jelas biaya per orang untuk kasus kanker lebih besar,” kata Niken dalam paparan di Kemenkes beberapa waktu lalu.', 'www.tirto.id', 'or', 'nor', 'legit', 'y'),
(4, 'admin', 'Kasus Bayi Debora Meninggal Dunia Viral, Dinkes Ungkap Kesalahan RS Mitra Keluarga', '2017-09-11', 'https://cdn-2.tstatic.net/bali/foto/bank/images/bayi-debora_20170911_170124.jpg', 'TRIBUN-BALI.COM, JAKARTA - Kisah meninggalnya bayi bernama Tiara Debora viral sejak 8 September 2017.\r\nBayi berusia 4 bulan ini diduga tak bisa mendapat perawatan maksimal karena adanya aturan dari rumah sakit soal biaya.Bayi Tiara Debora akhirnya meninggal pada Minggu (3/9/2017) lalu.\r\nOrang tua korban, Rudianto Simanjorang dan Henny Silalahi meminta Pemprov DKI Jakarta turun tangan untuk memperbaiki prosedur di rumah sakit.\r\nSementara itu, pihak Rumah Sakit Mitra Keluarga, Kalideres, Jakarta Barat, dalam konferensi persnya menyatakan, pasien (Tiara Debora) dengan riwayat lahir premature memiliki riwayat penyakit jantung bawaan (PDA) dan keadaan gizi kurang baik.', 'bali.tribunnews.com', 'or', 'nor', 'legit', 'y'),
(5, 'admin', 'Obat Tradisional Belum Tentu Aman', '2012-09-22', 'https://empoweredhealthcw.com/wp-content/uploads/2019/12/Traditional-Medicine-in-Africa_b-1024x683.jpg', 'Kompas.com -  Semakin mahalnya harga obat modern dan anggapan bahwa obat herbal lebih aman karena terbuat dari bahan alami, menjadi pendorong minat orang pada obat tradisional. Padahal, hal itu tak selalu benar. Meskipun terbuat dari bahan-bahan alami, sebenarnya obat herbal juga memiliki potensi efek samping yang sama dengan obat sintetis. Menurut Prof.Maksum Radji, di dalam obat herbal yang disarikan dari bagian-bagian tumbuhan, misalnya akar, daun, kulit, juga terkandung senyawa kimia. Kandungan senyawa yang terdapat dalam obat herbal ini, selain berkhasiat juga kemungkinan dapat menyebabkan efek samping yang dapat merugikan. Herbal juga tidak bisa diminum sembarangan karena respons tiap individu bisa berbeda satu sama lain. Meski punya keluhan sama, belum tentu herbal yang diberikan cocok antara satu pasien dan pasien lain. \"Suatu produk herbal tersebut dinyatakan aman hanya apabila sudah dapat dibuktikan secara ilmiah keamanannya melalui serangkaian uji keamanan, antara lain uji toksisitas akut, uji toksisitas  sub- akut, uji toksisitas kronik, dan uji teratogenik,\" kata Guru Besar Tetap Ilmu Farmasi Universitas Indonesia itu kepada Kompas.com.', 'nasional.kompas.com', 'or', 'nor', 'legit', 'y'),
(6, 'admin', 'Ketahui 7 efek samping minum kopi untuk pria!', '2014-02-24', 'https://4.bp.blogspot.com/_MTtypVmEXBQ/TQ9BSi85-oI/AAAAAAAAACY/oICuO6nMono/s1600/italian-roast-coffee-beans.jpg', 'Merdeka.com - kopi merupakan salah satu minuman yang mempunyai banyak penggemar dan populer untuk dikonsumsi pada hari. Hal ini disebabkan kopi mengandung kafein yang mampu meningkatkan adrenalin di tubuh Anda sehingga mampu membuat Anda lebih fokus dan waspada.\r\nNamun, terlalu banyak mengonsumsi kopi juga dapat memberikan efek samping yang buruk untuk kesehatan terutama bagi pria. Ketahui efek samping kopi bagi kesehatan pria seperti dilansir dari boldsky.com.\r\n1. Iritasi perut\r\n2. Panas dalam\r\n3. Mengganggu penyerapan makanan\r\n4. Kekurangan mineral\r\n5. Naiknya asam lambung\r\n6. Stres\r\n7. Mengurangi kepadatan tulang', 'www.merdeka.com', 'or', 'nor', 'legit', 'y'),
(7, 'admin', '5 Manfaat kesehatan minum teh setiap hari', '2013-03-10', 'https://www.planetnatural.com/wp-content/uploads/2014/06/herbal-tea.jpg', 'Merdeka.com - Ada banyak jenis teh yang bisa Anda nikmati. Namun apapun jenis teh tersebut, menikmati minuman yang satu ini jelas memberi banyak manfaat kesehatan. Apa saja? Simak selengkapnya seperti yang dilansir dari She Knows berikut ini.\r\nAntioksidan\r\nTeh mengandung antioksidan berupa polyphenol yang menurunkan risiko kanker kulit, ovarium, dan lambung. Anda pun cukup menikmatinya secangkir saja setiap hari.\r\nLangsing\r\nTeh, khususnya jenis teh hijau, punya khasiat melawan penyerapan lemak ke dalam tubuh. Sebab minum teh akan mempercepat pencernaan dan meningkatkan metabolisme. Namun jangan mencampur teh dengan susu, karena khasiat tersebut akan hilang dan Anda gagal menurunkan berat badan.\r\nGigi\r\nTidak seperti kopi, teh tidak akan mengotori gigi saat Anda meminumnya. Teh pun memiliki fluoride yang menguatkan email gigi. Namun jangan menambahkan susu atau gula ke dalam teh jika tidak ingin menghilangkan fluoride di dalamnya.\r\nSistem imun\r\nMinum teh setiap hari akan membantu Anda meningkatkan sistem kekebalan tubuh. Sehingga penyakit seperti demam tak akan mendekati Anda.\r\nTulang\r\nSebuah penelitian pernah menyebutkan minum teh setiap hari mampu menguatkan tulang. Selain itu, hampir semua jenis teh, baik itu hijau, hitam atau oolong, semua memiliki khasiat meningkatkan kepadatan tulang.\r\nSemua jenis teh sebenarnya berasal dari tanaman yang sama, yaitu Camellia sinensis. Prosesnya saja yang membuat teh beredar dalam berbagai jenis. Jadi, sudahkah Anda minum teh hari ini?', 'www.merdeka.com', 'or', 'nor', 'legit', 'y'),
(8, 'admin', 'Efek Buruk Minum Susu Kental Manis Tiap Hari', '2018-07-12', 'https://cdn1-production-images-kly.akamaized.net/xBHPlN1V-HdNPCa1HIAyMWGR3hg=/640x360/smart/filters:quality(75):strip_icc():format(jpeg)/kly-media-production/medias/1305428/original/043271100_1470131971-Badan-Gemuk-Kegemukan-Obesitas12.jpg', 'Liputan6.com, Jakarta Sebuah survei dari Yayasan Abhipraya Insan Cendekia Indonesia (YAICI) mengungkap, ibu di Kendari, Sulawesi Tenggara dan Batam, Kepulauan Riau, memberikan susu kental manis pada anaknya setiap hari. Anak-anak ini minum susu kental manis layaknya susu bubuk, sebagai penambah gizi.\r\nDalam konferensi pers di Kantor Komisi Perlindungan Anak Indonesia, Jakarta, Siti Zalikho Agustina dari YAICI menjelaskan efek buruk minum susu kental manis tiap hari yang dialami anak-anak di Kendari dan Batam.\r\n\"Mereka (anak-anak) yang diberikan susu kental manis kebanyakan jadi gemuk. Lalu para ibu di sana menganggap anaknya yang gemuk itu ya sehat,\" ungkap Tina, sapaan akrabnya, ditulis Kamis (12/7/2018).\r\nGemuk yang dimaksud sebenarnya anak-anak itu mengalami obesitas (kelebihan berat badan). Gemuk yang terjadi pun tidak sehat.\r\n\"Gemuk (karena susu kental manis), tapi enggak sehat,\" lanjut Tina.', 'www.liputan6.com', 'or', 'nor', 'legit', 'y'),
(9, 'admin', '7 Khasiat kesehatan tersembunyi dari makanan pedas', '2013-10-29', 'https://img2.exportersindia.com/product_images/bc-full/2019/8/6505016/pure-dry-red-chilli-1564816069-5020866.jpeg', 'Merdeka.com - Ada kabar gembira bagi para pecinta makanan pedas. Ternyata makanan pedas memiliki khasiat kesehatan tersembunyi. Apa saja? Simak selengkapnya seperti yang dilansir dari Mag for Women berikut ini.\r\nBerat badan\r\nCabai yang merupakan makanan pedas memiliki senyawa bernama capsaicin yang mampu meningkatkan metabolisme. Metabolisme tinggi pun berguna untuk memaksimalkan pembakaran lemak dan mempercepat penurunan berat badan.\r\nKesehatan jantung\r\nMengonsumsi makanan pedas juga mampu menurunkan kadar kolesterol jahat dalam tubuh. Aliran darah menjadi lebih lancar dan risiko penyakit jantung pun mampu diturunkan.\r\nSistem imun\r\nCabai dan paprika kaya akan vitamin A dan C. Kedua jenis vitamin tersebut termasuk antioksidan yang memperkuat sistem imun. Sistem imun yang kuat berfungsi untuk mencegah berbagai macam penyakit dan menjaga kesehatan tubuh secara keseluruhan.\r\nDiabetes tipe 2\r\nPenelitian pernah membuktikan kalau kadar gula darah pecinta makanan pedas cenderung lebih rendah. Sehingga mengonsumsi makanan pedas mampu menurunkan risiko penyakit diabetes tipe 2.\r\nFlu dan demam\r\nSedang flu atau demam? Coba konsumsi makanan pedas. Kondisi tubuh akan terasa lebih baik karena sifat makanan pedas yang melancarkan pernapasan dan menghangatkan.\r\nSuasana hati\r\nMakan cabai dan paprika adalah cara ampuh untuk mengembalikan suasana hati yang memburuk. Sebab konsumsi kedua makanan pedas tersebut bisa merangsang produksi hormon endorfin yang menenangkan perasaan.\r\nPencernaan\r\nManfaat tersembunyi terakhir dari makanan pedas adalah melancarkan pencernaan setelah tubuh mengonsumsi makanan berlemak, seperti daging merah.\r\nItulah berbagai khasiat kesehatan tersembunyi dari makanan pedas. Namun sebaiknya jangan berlebihan jika tidak ingin mengalami masalah kesehatan pada bagian lambung.', 'www.merdeka.com', 'or', 'nor', 'legit', 'y'),
(10, 'admin', 'Obat Penurun Kolesterol Aman Dikonsumsi Jangka Panjang', '2011-11-23', 'https://aliveandhealthy.ca/img/cms/cms-how-to-survive-western-medicine.jpg', 'Kompas.com - Meski kolesterol bisa diturunkan dengan melakukan perubahan gaya hidup, namun pada beberapa kasus terkadang diperlukan bantuan obat-obatan. Obat penurun kolesterol golongan statin dinilai efektif dan aman dikonsumsi dalam jangka panjang.\r\nDemikian hasil tinjauan para peneliti dari Inggris yang melakukan studi selama 11 tahun. Mereka menemukan obat simvastatin mengurangi risiko penyakit kardiovaskular sampai seperempatnya. Bukan hanya itu, statin juga diketahui tidak menyebabkan peningkatan risiko kanker atau penyakit non-vaskular lainnya.\r\n\"Mereka yang beresiko tinggi terkena penyakit  vaskular boleh mulai mengonsumsi statin karena dalam jangka panjang aman,\" kata ketua peneliti Dr.Richard Bulbulia, konsultan bedah vaskular dan peneliti dari Universitas Oxford, Inggris.\r\nStatin berperan dalam mensitetis kolesterol tubuh dengan memblokir suatu zat dalam hati yang diperlukan untuk membuat kolesterol. Akibatnya kolesterol tidak ada dalam sel-sel hati, sehingga mereka harus mengambil kolesterol dari dalam darah. Obat ini terutama efektif untuk menurunkan kadar kolesterol total dan kolesterol LDL. \r\n\"Konsumsi obat penurun kolesterol akan mengurangi risiko serangan jantung, stroke, dan penyakit vaskular lainnya,\" kata Bulbulia.', 'lifestyle.kompas.com', 'or', 'nor', 'legit', 'y'),
(11, 'admin', 'Berikut Keuntungan Jadi Peserta BPJS Kesehatan - Detik Finance', '2013-12-31', 'https://akcdn.detik.net.id/customthumb/2013/12/31/5/165535_uang.jpeg?w=700&q=90', 'Jakarta - Mulai Januari 2014 PT Askes (Persero) akan bertransformasi menjadi Badan Penyelenggara Jaminan Sosial (BPJS) Kesehatan. Seluruh masyarakat Indonesia diwajibkan menjadi peserta. Lalu, apa saja manfaatnya jika menjadi peserta BPJS Kesehatan?\r\n\"Keuntungan ada jaminan jika sakit. Unlimited. Iuran murah,\" Direktur Kepesertaan dan Hubungan Antar Lembaga Askes Endang Tidarwati Wahyuningsih kepada detikFinance di Jakarta, Selasa (31/12/2013).\r\nSetiap peserta BPJS Kesehatan berhak mendapatkan pelayanan kesehatan di fasilitas kesehatan yang bekerjasama dengan PT Askes (Persero), sesuai dengan hak dan ketentuan yang berlaku. Ada pun biaya pengobatan yang ditanggung adalah:\r\n1. Istri / suami yang sah dari peserta yang mendapat tunjangan istri/suami (Daftar istri / suami yang sah yang tercantum dalam daftar gaji / slip gaji, dan termasuk dalam daftar penerima pensiun/carik Dapem).\r\n2. Anak (anak kandung / anak tiri / anak angkat) yang sah dari peserta yang mendapat tunjangan anak, yang tercantum dalam daftar gaji/slip gaji, termasuk dalam daftar penerima pensiun/carik Dapem, belum berumur 21 tahun atau telah berumur 21 tahun sampai 25 tahun namun masih mengikuti pendidikan formal, belum menikah, belum berpenghasilan dan masih menjadi tanggungan peserta.\r\n3. Jumlah anak yang ditanggung maksimal 2 (dua) anak sesuai dengan urutan tanggal lahir, termasuk didalamnya anak angkat maksimal satu orang.', 'finance.detik.com', 'or', 'nor', 'legit', 'y'),
(12, 'admin', 'Tingkat Kepuasan Terhadap Pelayanan BPJS Masih Rendah', '2015-05-10', 'https://img.okezone.com/content/2015/05/10/457/1147591/tingkat-kepuasan-terhadap-pelayanan-bpjs-masih-rendah-w8QuA1glwH.jpg', 'BANDUNG - Jumlah pasien yang membludak dan antrean panjang di fasilitas kesehatan terutama rumah sakit menjadi kendala serius kepuasan masyarakat atau peserta terhadap program layanan BPJS Kesehatan.\r\n\"Selama antrean pasien di rumah sakit rujukan dan fasilitas kesehatan tidak diatasi dengan penambahan mitra BPJS, maka tingkat kepuasan masyarakat terhadap layanan masih menjadi kendala serius,\" kata Anggota Komisi 5 DPRD Jabar Maman Abdurahman di Bandung, Minggu (10/5/2015).\r\nAkibat panjangnya antrean tersebut, tingkat kepuasan masyarakat terhadap pelayanan PBJS sangat rendah. Salah satu penyebab rendahnya kualitas pelayanan BPJS adalah jumlah pasien melebihi kemampuan rumah sakit tersebut.\r\nSementara itu Direktur Umum Keuangan RS Islam Al Ihsan Kabupaten Bandung Muhamad Iqbal menyebutkan, minat masyarakat, baik keluarga miskin mau pun peserta mandiri, terhadap layanan kesehatan BPJS Kesehatan begitu tinggi. Namun ia mengakui fasilitas kesehatan yang ada, khususnya rumah sakit rujukan memiliki keterbatasan kapasitas layanan sehingga menjadi tidak seimbang.\r\n\"Begitu akses (BPJS) dibuka memang minat masyarakat luar biasa. Sekarang jumlah pasien rawat jalan meningkat sampai dua kali lipat,\" kata Muhammad Iqbal.', 'economy.okezone.com', 'or', 'nor', 'legit', 'y'),
(13, 'admin', 'Ini Alasan Kenapa Perempuan Perlu Pap Smear', '2012-06-25', 'https://images.theconversation.com/files/186564/original/file-20170919-22613-1i8vg9q.jpg?ixlib=rb-1.1.0&q=45&auto=format&w=496&fit=clip', 'TRIBUN, saya mohon informasi mengenai pengertian pemeriksaan Pap Smear dan kegunaannya. Terima kasih.\r\n+6285727640xxx\r\nPAP Smear adalah pemeriksaan usapan mulut rahim untuk melihat sel-sel mulut rahim (serviks) di bawah mikroskop. Pap Smear berupa tes skrining untuk mendeteksi dini perubahan atau abnormalitas dalam serviks sebelum sel-sel tersebut menjadi kanker.\r\nBiopsi (pengambilan jaringan) serviks umumnya dilakukan saat apabila ada indikasi kelainan signifikan atau bila ditemukan kelainan selama pemeriksaan dalam rutin, yang berfumngsi untuk mengidentifikasi kelainan tersebut. Hasil Pap Smear dinyatakan positif jika menunjukkan perubahan-perubahan sel serviks. Biopsi mungkin tidak perlu dilakukan segera, kecuali pasien dalam kategori risiko tinggi. Untuk perubahan sel yang minor, umumnya direkomendasikan untuk mengulang Pap Smear dalam enam bulan ke depan.\r\nAlasan Harus melakukan Pap Smear:\r\n- Menikah pada usia muda (di bawah 20 tahun).\r\n- Pernah melakukan senggama sebelum usia 20 tahun.\r\n- Pernah melahirkan lebih dari tiga kali.\r\n- Pemakaian alat kontrasepsi lebih dari lima tahun, terutama IUD atau kontrsepsi hormonal.\r\n- Mengalami perdarahan setiap hubungan seksual.\r\n- Mengalami keputihan atau gatal di vagina.\r\n- Sudah menopause dan mengeluarkan darah pervagina.\r\n- Berganti-ganti pasangan dalam senggama.', 'jogja.tribunnews.com', 'or', 'nor', 'legit', 'y'),
(14, 'admin', '10 Manfaat mengejutkan ganja untuk kesehatan', '2014-08-13', 'https://www.growweedeasy.com/wp-content/uploads/2010/10/cannabis-potassium-deficiency-overwatered-sm.jpg', 'Merdeka.com - Selama ini ganja memiliki reputasi yang cukup buruk, terutama dalam masalah kesehatan. Penggunaan ganja dalam takaran yang tak tepat dan sembarangan memang bisa menyebabkan banyak masalah kesehatan. Misalkan kecanduan, rasa cemas, atau kerusakan otak yang berkaitan dengan ingatan. Sebuah penelitian bahkan menemukan bahwa risiko serangan jantung meningkat dalam waktu satu jam setelah seseorang merokok ganja.\r\nMeski begitu, rasanya tak adil jika melihat ganja hanya berdasarkan efek buruk yang disebabkannya. Ganja juga memiliki sisi baik dan bisa dimanfaatkan dalam hal kesehatan jika digunakan dengan tepat. Berikut adalah beberapa manfaat mengejutkan yang bisa diberikan ganja untuk kesehatan, seperti dilansir oleh Care2 (07/08).\r\n1. Alzheimer\r\nBerdasarkan penelitian oleh Scripps Research Institute, ganja diketahui bisa memperlambat penyakit Alzheimer yang menyerang otak. Hasil ini juga telah diterbitkan dalam jurnal Molecular Pharmaceutics.\r\n2. Kecemasan\r\nPeneliti dari Harvard Medical School menemukan bahwa ganja memiliki efek yang bisa membantu menenangkan kecemasan seseorang. Tentu saja, hal ini hanya berlaku dengan penggunaan ganja dalam dosis yang tepat. Penggunaan ganja dalam dosis tinggi justru bisa memberikan efek sebaliknya yaitu meningkatkan kecemasan dan pikiran paranoid.\r\n3. Arthritis\r\nGanja diketahui bisa meredakan rasa sakit dan nyeri, serta peradangan yang berkaitan dengan penyakit arthritis.\r\n4. Kanker\r\nPenelitian yang diterbitkan dalam jurnal Molecular Cancer Therapeutics menemukan bahwa zat cannabidiol yang terdapat dalam ganja bisa \"mematikan\" gen bernama \"Id-1\" yang digunakan sel kanker untuk menyebar ke seluruh tubuh.\r\n5. Epilepsi\r\nDalam sebuah penelitian di Virginia Commonwealth University, peneliti menemukan bahwa ganja bisa digunakan untuk menghentikan serangan epilepsi. Meski begitu, penelitian ini baru dilakukan pada hewan dan belum diujicobakan pada manusia.\r\n6. Glaucoma\r\nPeneliti saat ini tengah mengembangkan obat baru dengan bahan dasar ganja untuk mengobati sakit yang disebabkan oleh glaucoma. Hal ini dilakukan peneliti setelah mengetahui bahwa ganja efektif untuk digunakan merawat kondisi glaucoma. Glaucoma merupakan kondisi yang meningkatkan tekanan pada bola mata dan bisa memicu kehilangan kemampuan penglihatan.\r\n7. Kesehatan paru-paru\r\nPenelitian dalam Journal of the American Medical Association menemukan bahwa ganja bisa meningkatkan kapasitas paru-paru. Hal ini bertentangan dengan kepercayaan banyak orang bahwa ganja bisa menurunkan kapasitas dan kemampuan paru-paru.\r\n8. Multiple sclerosis\r\nMultiple sclerosis (MS) adalah penyakit yang menyerang saraf-saraf pusat seperti saraf otak, sumsum tulang belakang, dan saraf optik. Sebuah penelitian yang dilakukan di Canadian Medical Association Journal menemukan bahwa cannabioids yang ditemukan dalam ganja bisa menurunkan gejala dan rasa sakit yang disebabkan oleh MS.\r\n9. Mual\r\nGanja mengandung minimal 60 zat kimia yang disebut cannabinoids serta THC yang bisa memberikan efek \"melayang\" pada penggunanya. Meski begitu, dalam takaran dan cara yang tepat, THC juga bisa digunakan untuk mengatasi rasa mulai, termasuk juga terdapat dalam obat yang bisa menyebabkan rasa mual.\r\n10. Penyakit parkinson\r\nPenelitian yang diterbitkan dalam medPage Today menemukan bahwa ganja bisa digunakan untuk mengatasi tremor dan meningkatkan kemampuan motorik pada pasien yang terkena penyakit parkinson.', 'www.merdeka.com', 'or', 'nor', 'legit', 'y'),
(15, 'admin', 'Negara-Negara yang Legalkan Praktik Euthanasia', '2016-09-19', 'https://img.okezone.com/content/2016/09/19/18/1493002/negara-negara-yang-legalkan-praktik-euthanasia-yeftCfm8nT.jpg', 'MANUSIA lahir ke dunia tanpa pilihan. Kematian pun disebut-sebut sebagai takdir yang tak bisa dihindari. Namun di beberapa negara maju di dunia, warganya dibiarkan memiliki kebebasan untuk menentukan cara meninggalnya.\r\nJangan salah sangka, ini bukan berarti negara tersebut membiarkan warganya untuk bunuh diri. Mereka yang diizinkan membuat keputusan untuk memilih waktu dan cara meninggalnya hanya terbatas pada para pasien penyakit kronis yang sudah tak punya harapan hidup lagi.\r\nSejak awal kemunculannya pada 1970-an, konsep ini memang kontroversial. Banyak negara, seperti Inggris memandang praktik suntik mati sebagai pembunuhan yang disengaja maupun tidak. Hukumannya jika ketahuan adalah maksimal penjara seumur hidup.\r\nPolemik euthanasia terus berlanjut. Sebagian negara sudah melegalkannya secara hukum, sebagian lagi masih memperdebatkannya di tingkat parlemen dan sisanya bersikeras melarang. Berikut ini Okezone merangkum 10 negara yang mengizinkan suntik mati bagi warga negaranya.\r\n1. Belanda\r\n2. Luxembourg\r\n3. Belgia\r\n4. Swiss\r\n5. Jerman\r\n6. Amerika Serikat\r\n7. Jepang', 'news.okezone.com', 'or', 'nor', 'legit', 'y'),
(16, 'admin', 'Ikatan Dokter tolak jadi eksekutor kebiri', '2016-06-09', 'https://1.bp.blogspot.com/-Et77VYkwbs8/Wf_iMjJE15I/AAAAAAAAEf4/OJ5bPwhZoQ4Zjdr1VVKD9zjXAZaTH9bSACLcBGAs/s400/IDI.png', 'JAKARTA. Ikatan Dokter Indonesia (IDI) menolak jadi eksekutor hukuman kebiri yang rencananya akan menjadi hukuman tambahan bagi pelaku kejahatan seksual pada anak.\r\nPelaksanaan hukuman kebiri oleh dokter dianggap melanggar Sumpah Dokter dan Kode Etik Kedokteran Indonesia.\r\n\"Kita tidak menentang perppu mengenai tambahan hukuman kebiri. Namun, eksekusi penyuntikan janganlah seorang dokter,\" ujar Ketua Umum IDI Ilham Oetama Marsis dalam jumpa pers di Jakarta, Kamis (9/6).\r\nMarsis menegaskan, IDI mendukung kebijakan pemerintah untuk memberikan hukuman seberat-beratnya kepada pelaku kekerasan seksual pada anak. Namun, mereka menolak dilibatkan dalam pelaksanaan hukuman kebiri atau menjadi eksekutor.\r\nKetua Majelis Kehormatan Etika Kedokteran (MKEK), dr Priyo Sidipratomo, mengatakan, dokter tidak akan menggunakan pengetahuannya untuk hal yang bertentangan dengan perikemanusiaan, sekalipun diajak. Hal itu disebutkan dalam sumpah dokter.\r\n\"Kalau melanggar, dikeluarkan dari organisasi profesi organisasi. Dokter bertugas hanya untuk kepentingan kemanusiaan. Dalam peperangan pun, dokter harus menyelamatkan manusia, sekalipun itu musuh,\" kata Priyo.\r\nNamun, sikap IDI ini menjadi dilema karena hanya dokter yang memiliki kompetensi untuk memasukkan zat kimia ke tubuh manusia.\r\nMenurut dokter spesialis andrologi, Wimpie Pangkahila, sebaiknya hukuman diperberat dengan menambah masa kurungan penjara atau hukuman tambahan lainnya yang tidak mencederai profesi dokter.\r\nWimpie mengatakan, hukuman kebiri pun belum terbukti di dunia bisa memberikan efek jera terhadap pelaku kejahatan seksual', 'nasional.kontan.co.id', 'or', 'nor', 'legit', 'y'),
(17, 'admin', 'Infeksi Mata Tidak Menular Lewat Pandangan', '2012-04-10', 'https://akcdn.detik.net.id/customthumb/2012/04/10/763/ngobrol-dalam-ts.jpg?w=700&q=90', 'Jakarta - Infeksi dan bengkak pada mata konon kabarnya bisa menular lewat pandangan. Jadi orang yang sakit mata sebaiknya pakai kacamata hitam agar sakit pada matanya tidak menular ke orang lain. Begitu juga orang yang sehat dilarang melihat mata orang yang sakit sebab bisa langsung ketularan.\r\nPadahal, mitos ini tidak masuk akal sama sekali. Sakit mata \"menular\" karena ada kuman yang menyebar lewat tangan yang suka mengucek mata. Tangan merupakan bagian tubuh yang paling sering bersentuhan dengan benda-benda asing seperti gagang pintu, kunci, gelas dan piring. Kuman yang menempel pada benda-benda ini dapat menginfeksi mata jika tangan yang menyentuh mata tidak bersih.\r\n\"Kunci dari kesehatan mata dan tubuh adalah higienis atau kebersihan. Jika memang benar penyakit mata menular lewat pandangan, harusnya saya sering kena dong? Apalagi saya juga memegang mata pasien. Pastikan untuk selalu mencuci tangan setelah menyentuh benda-benda yang berisiko mengandung kuman dan jangan sering mengucek mata,\" kata dr Gilbert WS Simanjuntak, Sp.M(K), dokter mata dan bedah retina di RS PGI Cikini dalam acara diskusi publik radio KBR68H di Kedai Tempo, Utan Kayu, Jakarta (10/4/2012)\r\nDr Gilbert menganjurkan agar jangan sering menyentuh mata. Mata berisi sel-sel saraf dan otot yang sangat sensitif. Maka sedikit saja gangguan yang terjadi pada bagian luar atau pada mata akan menyebabkan mata berair. Apalagi jika sampai terjadi peradangan, maka mata akan menjadi bengkak dan memerah.', 'health.detik.com', 'or', 'nor', 'legit', 'y'),
(18, 'admin', 'Luar Biasa! Inilah 7 Khasiat Buah Durian Bagi Kesehatan', '2017-06-17', 'https://cdn-2.tstatic.net/manado/foto/bank/images/durian33333.jpg', 'TRIBUNMANADO.CO.ID - Durian punya julukan King of Fruits alias rajanya buah-buahan.\r\nSebutan ini ada, entah karena bentuknya yang dilengkapi duri-duri tajam, rasanya yang legit nikmat atau juga, karena durian punya banyak manfaat kesehatan seperti di bawah ini.\r\n1. Membantu melancarkan pencernaan\r\n2. Merilekskan pembuluh darah\r\n3. Membuat tidur lebih cepat\r\n4. Membantu atasi disfungsi seksual\r\n5. Mencegah kanker\r\n6. Menjaga kesehatan tulang\r\n7. Mencegah anemia', 'manado.tribunnews.com', 'or', 'nor', 'hoax', 'y'),
(19, 'admin', '8 Manfaat Minum Air Setelah Bangun Tidur', '2017-07-04', 'https://asset.kompas.com/crops/YljMIFfNs2eLHMapaUjKj-NDjms=/54x52:946x646/750x500/data/photo/2017/07/04/857918621.jpg', 'KOMPAS.com - Kebanyakan perempuan di Jepang memiliki tubuh yang lebih langsing, sehat, dan kencang dibanding perempuan di negara lain. Diduga hal tersebut ada kaitannya dengan kebiasaan dan gaya hidup yang mereka jalani. Salah satunya adalah ritual minum air putih saat bangun tidur.\r\nKebiasaan yang masih diterapkan ini ternyata juga bisa menghindarkan seseorang dari  gangguan kesehatan seperti obesitas dan diabetes. Ini menjadi salah satu alasan untuk kita belajar dari gaya hidup sehat mereka.\r\nMengapa Minum Air Jadi Penting? \r\n70 persen tubuh Anda terdiri dari air. Bila kebutuhan air dalam tubuh tidak terpenuhi, maka tubuh akan menanggung sejumlah konsekuensi kesehatan jangka pendek dan jangka panjang yang negatif.\r\nDehidrasi yang berkepanjangan misalnya, dapat menyebabkan rheumatoid arthritis, migrain, angina, kolitis, dispepsia, hipertensi, obesitas, wasir, kanker payudara, tuberkulosis paru, batu ginjal, sinusitis, dan kanker rahim.\r\nAgar tubuh Anda terhindar dari penyakit-penyakit serius tersebut, bantu tubuh Anda untuk lebih banyak mengkonsumsi air putih agar tetap terhidrasi sepanjang hari.\r\nCara Penerapannya\r\nMinum air setelah bangun tidur adalah metode hidup sehat yang telah terbukti untuk mengobati kelainan tubuh, gangguan menstruasi, dan penyakit terkait mata. Selain itu, Anda akan merasa segar kembali seharian setelah mengikuti perawatan air ini.\r\n- Minumlah empat gelas air dengan takaran sekitar 160 ml air per gelas setelah bangun tidur, sebelum menyikat gigi dan dengan kondisi perut kosong.\r\n- Jangan makan apapun selama 45 menit berikutnya.\r\n- Minumlah air 30 menit sebelum makan.\r\n- Jika Anda tidak bisa minum empat gelas air pada saat perut kosong, maka Anda bisa memulainya dengan satu gelas atau sebanyak yang Anda butuhkan. Anda bisa secara bertahap meningkatkan asupan air sampai Anda mencapai tingkat yang diinginkan sebesar 640 ml.', 'lifestyle.kompas.com', 'or', 'nor', 'legit', 'y'),
(20, 'admin', 'Lima Manfaat Olahraga untuk Menjaga Kesehatan Tubuh', '2017-06-26', 'https://cdn-2.tstatic.net/tribunnews/foto/bank/images/fitness-first-jalin-kerjasama-dengan-reebok-selama-dua-tahun_20161028_122431.jpg', '\r\nTRIBUNNERS - Olahraga merupakan aktivitas  yang wajib untuk semua orang dalam terciptanya kesehatan tubuh.\r\nOrang yang sering melakukan aktivitas olahraga akan selalu dapat mempertahankan kesehatan tubuhnya mulai dari kesehatan jantung, memperlancar aliran darah keseluh tubuh, mengatur keseimbangan sistim imun di dalam tubuh, dan meningkatkan daya tahan tubuh.\r\nOrang yang tidak pernah melakukan olahraga akan sangat rentan untuk terkena penyakit, selain itu kekebalan tubuh orang yang sering melakukan olahraga akan terbentuk dengan sempurna sehingga bisa melindungi dirinya dari berbagai penyakit.\r\nPara ahli telah membuktikan bahwa saat berolahraga, aliran darah berjalan lebih lancer, dengan demikian organ tubuh yang menjadi pemacu  aliran darah keseluruh tubuh bertambah kuat. Kuatnya jantung membuat aliran darah juga berjalan lancer.\r\nManfaat olahraga untuk  tubuh kita\r\n1. Dapat membuat hati kita menjadi tenang\r\n2. Olahraga juga dapat menyehatkan jantung\r\n3. Dapat meningkatkan metabolisme dalam tubuh\r\n4. Memperlancar tekanan darah\r\n5. Olahraga dapat membakar lemak dalam tubuh', 'www.tribunnews.com', 'or', 'nor', 'legit', 'y'),
(21, 'admin', 'Pelayan Menolak Menerima Pesanannya, Mereka Terkejut Ketika Dia Kembali Keesokan Harinya', '2020-12-16', 'https://d1h9svpkzsccua.cloudfront.net/wp-content/uploads/2020/12/02120802/1.jpg', 'Dia juga tidak menjelaskan mengapa dia tidak menerima pesanannya. Dia tidak menunggu dalam antrean selama 45 menit untuk diperlakukan seperti ini. Jadi dia jelas tidak terbiasa dengan orang-orang yang menolak untuk mengikuti perintahnya atau harus memandangnya seperti ini – seharusnya tidak ada yang melakukannya! Dia tampaknya tidak tahu sama sekali tentang siapa dia sebenarnya atau kekuatan apa yang dia miliki di ujung jarinya; itu memang tidak bisa disangkal. Jadi ketika dia tahu, dia tidak sabar untuk melihat wajahnya.\r\nBagi Alexandria, Karl Baker, pria VA, ini adalah hari libur yang dianggap tepat. Dia sangat siap untuk beristirahat dan bersantai setelah bekerja banyak shift 12 jam. Dia sudah merencanakan hari liburnya. Dia akan tidur, makan di luar, menjelajahi kota, dan bersantai di depan TV untuk mengakhiri hari hanya dengan segelas minuman di tangannya. Tetapi hal-hal tidak akan berjalan seperti yang direncanakan.\r\nBaker bangun melompat-lompat di tempat tidurnya dengan anjingnya, matahari bersinar terang di dahinya, dan ini sudah waktu makan siang. Dia bangun, mulai menuangkan secangkir kopi untuk dirinya sendiri, dan memikirkan ke mana dia bisa pergi untuk makan siang yang enak. Memutuskan, dia melompat ke mobilnya dan mulai berkendara ke pinggiran kota untuk restoran yang belum pernah dia kunjungi sebelumnya. Itu adalah keputusan yang dia takuti setelahnya.\r\nMereka mulai memandangnya dengan penuh kebencian. Sudah lama sejak Baker dihadapkan pada ketidakpedulian mutlak seperti itu. Karir yang dipilihnya biasanya cenderung menyelamatkannya dari perlakuan yang terlalu buruk, tetapi tidak ada seorang pun di sini yang tahu siapa dia sebenarnya. Baker masuk dan ingin bergabung dengan antrian di restoran. Nafsu makannya mulai meningkat saat dia menatap menu di dinding, seperti saat dia menunggu dalam antrean.', 'www.articlesvally.com', 'or', 'nor', 'hoax', 'y'),
(22, 'admin', 'Militer Menangkap Mantan Presiden AS George W. Bush', '2021-11-15', 'https://secureservercdn.net/198.12.144.78/ogs.08d.myftpupload.com/wp-content/uploads/2021/11/AP_18335648534575-e1543841651923-696x392.jpg', 'Pasukan Khusus AS menangkap mantan Presiden George W. Bush Sabtu pagi di peternakannya di Crawford, Texas, menyusul baku tembak yang sengit dengan agen Secret Service dan kontraktor keamanan swasta yang ditugaskan untuk melindunginya.\r\nPada Jumat malam, \"Detasemen Alfa\" Pasukan Khusus yang ditempatkan di Fort Campbell, Kentucky, menerima perintah dari Komando Operasi Khusus Angkatan Darat AS untuk menyusup ke peternakan dan menangkap presiden ke-43. SF diberitahu untuk mengharapkan perlawanan karena intelijen baru-baru ini di peternakan menunjukkan bahwa Bush telah mengelilingi dirinya dengan kontraktor keamanan swasta bersenjata di samping trio agen Secret Service yang secara rutin berpatroli di lapangan.\r\nTransportasi ke peternakan disediakan oleh Resimen Penerbangan Operasi Khusus ke-160, yang dijuluki Penguntit Malam, sekelompok pilot helikopter yang sangat terampil yang melakukan misi transportasi, serangan, penyerangan, dan pengintaian, di malam hari, di ketinggian rendah, dan dalam waktu singkat. Helikopter harus melakukan 3 pemberhentian pengisian bahan bakar untuk mencapai tujuan mereka.\r\nDi bawah naungan kegelapan Sabtu pagi, helikopter turun ke tempat terbuka di dekat sudut tenggara peternakan Bush seluas 1.600 hektar, jauh dari trailer staf dan rumah utama tempat mereka berharap menemukan Bush tidur. Setelah menurunkan SF, helikopter naik ke malam hari untuk menunggu panggilan untuk eksfiltrasi.\r\nSebuah sumber militer yang mengetahui misi tersebut mengatakan kepada Real Raw News bahwa Komando Operasi Khusus telah memperoleh citra satelit terperinci dari properti tersebut serta lokasi kamera jejak yang disiarkan langsung ke bunker komunikasi 100 meter dari bangunan utama.', 'www.realrawnews.com', 'or', 'nor', 'hoax', 'y'),
(23, 'admin', 'Gadis (5) Pergi Setiap Malam - Saat Ayah Mengetahui Alasannya, Dia Menelepon Polisi!', '2016-10-06', 'https://archive.ph/56VjC/7ef805259c4be16ead2208c83f218eac079b8d21.jpg', 'Ketika putri David yang berusia 5 tahun, Melissa, mulai berjalan pergi setiap malam, dia harus mencari tahu mengapa ini terjadi. Tapi dia sama sekali tidak siap untuk penemuan yang akan dia buat…\r\nDavid mengikuti putrinya ke sebuah pondok tua yang besar jauh di dalam hutan dan ketika dia menyadari apa yang dia lakukan, dia segera memanggil polisi. Dia tahu dia membutuhkan bantuan dengan ini ...\r\nTapi apa yang terjadi di kabin hutan? Mengapa Melissa pergi ke sana setiap malam? Apa yang dilihat David yang membuatnya menelepon polisi dan apakah dia dan Melissa akan berhasil keluar dari situasi ini?\r\nDavid mengintip dari balik pepohonan, menjaga putrinya tetap terlihat. Dia akan mencari tahu sekali dan untuk semua mengapa dia terus melarikan diri dari rumah setiap malam. Dia telah mengikutinya ke sebuah pondok kayu besar jauh di dalam hutan dan sarafnya membunuhnya ...\r\nPintu kabin terbuka dan Melissa masuk ke dalam. David dengan cepat tapi diam-diam menyelinap ke kabin dan mencoba mencari jendela yang bisa dia intip. Ketika dia akhirnya melihat apa yang terjadi di dalam, matanya melebar dan jantungnya hampir berhenti ...\r\nDia menelepon 911 tanpa sedetik pun saat dia mulai mencoba dan menendang pintu. “Aku datang sayang! Tunggu, ayah ada di sini!!” Dia merasakan air mata mengalir di wajahnya. Tidak ada satu detik pun untuk kalah dan David tahu semuanya dengan sangat baik ...', 'www.globetip.com', 'or', 'nor', 'hoax', 'y'),
(24, 'admin', 'Seseorang Menemukan Buaya Raksasa Yang Membutuhkan - Anda Tidak Akan Percaya Apa yang Dia Temukan Di Dalam!', '2021-08-11', 'https://www.misterstory.com/afbeeldingen/800x0/1636111486_33fd6df06273704b46df4edbbc0bfe6c0e813d75.jpeg', 'Ketika seekor buaya raksasa muncul di dekat sebuah kota kecil di Sudan, penduduk desa dapat dengan cepat menentukan bahwa ada sesuatu yang salah dengannya. Ini bergerak sangat lambat dan perut terlihat tidak alami. Dalam upaya untuk menyelamatkannya, hewan itu dibelah hingga memperlihatkan isi perutnya. Tapi begitu terbuka, tidak ada yang bisa percaya apa yang ada di dalamnya.\r\n\r\nBagaimana buaya menemukan ini di antah berantah?\r\n\r\nJantung Michael berdetak kencang di dadanya saat dia perlahan mendekati buaya raksasa itu. Dia tahu dia seharusnya menjadi orang yang berani, tetapi dia hampir tidak bisa menahan rasa gugupnya. Satu langkah yang salah dan ini bisa menjadi akhir dari kisahnya...\r\n\r\nTapi Michael tahu apa yang harus dia lakukan. Pikirannya sudah bulat. Dia ingin menyelamatkan hewan ini. Jelas ada sesuatu yang salah dengan itu dan semakin dekat dia, semakin jelas letak masalahnya; Di perut binatang!\r\n\r\nDengan ketelitian pembedahan, perut buaya dibelah, setelah itu isinya langsung dipajang. Rahang Michael jatuh ke lantai. \"Bagaimana ini mungkin...?\"\r\n\r\nTapi apakah Michael tepat waktu untuk menyelamatkan buaya raksasa itu? Apa yang dia temukan di dalamnya dan mengapa dia bahkan merasa perlu untuk mencoba menyelamatkan makhluk berbahaya ini?', 'www.misterstory.com', 'or', 'nor', 'hoax', 'y'),
(25, 'admin', 'Konser paling berbahaya dalam sejarah, penggemar Jackson pingsan di tempat 5000 orang, dan 23 orang meninggal secara langsung', '2020-04-11', 'https://archive.ph/pSNFy/56f8ccbdba45ae79cc99cf5a94a8623914440565.png', 'Michael Joseph Jackson, yang dikenal sebagai raja musik pop, harus diketahui oleh siapa saja yang tahu sedikit tentang musik. Dia menjadi pemimpin dalam musik populer global pada awal 1980-an, dan penampilannya juga memberikan kontribusi yang signifikan untuk memecahkan hambatan rasial. Tidak ada yang bisa menandingi popularitasnya saat itu. Ini bisa dilihat dari konser yang akan kita bicarakan hari ini.\r\nPada tahun 1964, Jackson dan empat orang lainnya membuat debut mereka dalam bentuk kombinasi. Setelah beberapa album dirilis, penjualan band ini mulai menurun. Pada akhirnya, anggota lain memilih untuk mengakhiri kontrak. Jackson tinggal sendirian dan terbang sendirian. Kemudian, ia membintangi sebuah kalimat dan merilis album. Album \"Off the Wall\" 1979 itu langsung menjadi album pertama yang menghasilkan 4 single top ten di Amerika Serikat, dan dia sendiri juga meraih penghargaan penyanyi R&B pria terbaik di Grammy.\r\nPada tahun 1987, Jackson memulai tur global pertamanya. Karena popularitasnya sangat tinggi sebelum itu, pemandangannya selalu ramai sejak dia memulai konser, dan apa yang akan kita bicarakan hari ini adalah konsernya yang paling sukses, tetapi bagi yang lain, ini adalah \"konser paling Berbahaya\". Mereka yang mengikutinya tahu bahwa di konser Jackson, penggemar sering pingsan. Secara umum, penonton lain akan mengangkat orang yang pingsan, mengopernya ke atas kepala, dan mengirimkannya ke meja venue. Di sisi lain, ada penyelamat di sisi saluran untuk memberikan perawatan darurat.', 'www.daydaynews.cc', 'or', 'nor', 'hoax', 'y'),
(26, 'admin', 'CEO Pfizer ditangkap, didakwa melakukan penipuan', '2021-11-05', 'https://www.pfizer.com/sites/default/files/investors/financial_reports/annual_reports/2018/assets/img/social_albert.jpg', 'CEO Pfizer Albert Bourla ditangkap di rumahnya di pinggiran kota Scarsdale yang makmur, New York Jumat pagi oleh FBI dan didakwa dengan berbagai tuduhan penipuan. Bourla ditahan sambil menunggu sidang jaminan. Agen federal sedang dalam proses menjalankan surat perintah penggeledahan di rumahnya dan di beberapa properti lain yang dimilikinya di seluruh negeri.\r\nAlbert Bourla menghadapi tuduhan penipuan atas perannya dalam menipu pelanggan tentang efektivitas \"vaksin\" COVID-19 Pfizer dituduh memalsukan data, dan membayar suap besar. Menurut agen FBI yang berbicara dengan Conservative Beaver, Pfizer berbohong tentang efektivitas vaksin, dan menyesatkan pelanggan tentang efek samping serius yang dapat dihasilkan vaksin. Pfizer dituduh membayar pemerintah dan media arus utama untuk tetap diam.\r\nAlbert Bourla sudah berada di air panas setelah terungkap Pfizer, dan mitra peneliti, \"data yang dipalsukan, pasien yang tidak buta, mempekerjakan vaksinator yang tidak terlatih, dan lambat untuk menindaklanjuti efek samping.\" Pelapor Brook Jackson dipecat sebagai akibat dari usahanya untuk menghentikan penipuan yang sedang dilakukan, BMJ melaporkan.\r\nPada bulan Oktober, Project Veritas merilis serangkaian kebocoran yang dijuluki \"PfizerLeaks.\" Dalam video tersebut, pelapor Pfizer lainnya mengungkapkan bagaimana perusahaan menggunakan sel janin yang diaborsi dalam \"vaksin\" COVID-19 Pfizer berusaha menyembunyikan fakta ini dari publik.', 'www.conservativebeaver.com', 'or', 'nor', 'hoax', 'y'),
(27, 'admin', 'Alec Baldwin ditangkap karena pembunuhan tingkat pertama dan kepemilikan pornografi anak', '2021-09-19', 'https://vz.cnwimg.com/wp-content/uploads/2009/11/Alec-Baldwin-e1587944603889.jpg', 'Kantor Sheriff Santa Fe County telah menangkap Alec Baldwin dan mendakwanya dengan pembunuhan tingkat pertama serta kepemilikan pornografi anak, dan memerintahkan penghentian media yang telah disetujui oleh hakim. Outlet di Amerika Serikat untuk sementara dilarang melaporkan penangkapan Baldwin.\r\nBaldwin dikatakan telah membunuh sinematografer dan berusaha membunuh sutradara, Joel Souza dalam perselisihan pembayaran. Baldwin mencoba membuatnya tampak seperti kecelakaan, tetapi penyelidikan lebih lanjut mengungkapkan itu sama sekali tidak. Ketika Baldwin ditangkap di hotelnya, ia didirikan dengan lebih dari 1.000 gambar pornografi anak di ponsel dan laptopnya. Dia menghadapi beberapa tuduhan kejahatan. Pengacara Baldwin tidak segera menanggapi permintaan komentar.', 'www.conservativebeaver.com', 'or', 'nor', 'hoax', 'y'),
(28, 'admin', 'Jepang mengakhiri pandemi akibat vaksin dengan melegalkan IVERMECTIN, sementara media yang dikendalikan farmasi berpura-pura', '2021-10-29', 'https://www.naturalnews.com/wp-content/uploads/sites/91/2021/10/ivermectin-graph.jpg', '(Natural News) Jepang baru saja meratakan kurva covid terbesar mereka, dan mereka melakukannya dengan melegalkan dan menggunakan ivermectin. Di hampir setiap negara, tingkat infeksi dan catatan kematian harian meningkat dengan setiap gelombang penyakit baru. Saran kesehatan masyarakat tentang penguncian, isolasi, mandat masker, dan program inokulasi massal hanya terus menyebabkan kurva penyakit dan rawat inap yang lebih besar. Penundaan perawatan yang layak, kejahatan terhadap kemanusiaan, telah melumpuhkan kemampuan manusia untuk beradaptasi dan pulih dari infeksi pernapasan. Tetapi ada harapan di Jepang, di mana ivermectin telah dikerahkan untuk membantu orang pulih dari covid-19 sehingga mereka dapat memiliki kekebalan yang lebih tahan lama dan tahan lama.\r\n\r\nJepang waspada terhadap perusahaan vaksin, lebih sadar akan kerusakan yang mereka timbulkan pada kehidupan manusia\r\nDalam hal mempercayai perusahaan vaksin, Jepang adalah salah satu negara yang paling berhati-hati di dunia. Ketika vaksin covid-19 pertama keluar, Jepang menunggu dua bulan tambahan sebelum menawarkan vaksin Pfizer/BioNTech kepada publik. Secara historis, Jepang lebih cepat mengenali cedera vaksin dan akan bergerak lebih cepat untuk melindungi masyarakat dari tembakan beracun.\r\n\r\nMisalnya, Jepang merekomendasikan jumlah dosis vaksin paling sedikit untuk bayi di bawah usia satu tahun. Bukan kebetulan, Jepang juga memiliki angka kematian bayi terendah ketiga di antara semua negara maju. Ini bukan sekedar korelasi. Faktanya, sebuah penelitian terhadap tiga puluh empat negara maju menemukan bahwa tingkat kematian bayi menurun dibandingkan dengan jumlah dosis vaksin yang diberikan secara rutin.', 'www.naturalnews.com', 'or', 'nor', 'hoax', 'y'),
(29, 'admin', 'Pembatalan Penerbangan Besar-besaran Karena Kematian Vaksin dan Pengunduran Diri Karyawan', '2021-10-31', 'https://secureservercdn.net/198.12.144.78/ogs.08d.myftpupload.com/wp-content/uploads/2021/10/plane-crash1-1-696x392.jpg', 'American Airlines pada hari Minggu mengumumkan telah membatalkan 1.500 penerbangan akhir pekan karena kekurangan staf dan \"cuaca buruk\" di hub pusatnya di Boston, Chicago, dan Dallas, dengan juru bicara AA menyalahkan penundaan dan pembatalan pada \"angin berangin\" dan \"gangguan atmosfer\". .”\r\n\r\nNamun, seorang whistleblower FAA mengatakan kepada Real Raw News bahwa AA sedang mempraktikkan dalih massal. Dalam sanggahan langsung atas klaim AA, dia mengatakan pesawat modern dilengkapi dengan baik untuk menangani lepas landas dan mendarat dalam kondisi berangin sedang dan pilot dilatih untuk menangani pesawat dalam cuaca badai.\r\n\r\nMatahari bersinar terang di atas Bandara Internasional Dallas-Fort Worth akhir pekan ini, dengan angin sepoi-sepoi 5-15kt bertiup dari barat. Sumber kami mengatakan FAA tidak mengamanatkan \"batas angin\" dalam hal-hal yang melibatkan lepas landas dan pendaratan tetapi menyarankan agar mereka tidak melakukan crosswinds melebihi 40mph.\r\n\r\n“Tidak ada cuaca di DFW akhir pekan ini yang akan menghentikan pilot bersertifikat, kereta api, dan kompeten untuk mengoperasikan pesawatnya,” kata sumber kami. “AA membohongi publik dan media agar tidak kehilangan penjualan tiket selama liburan. Alasan sebenarnya untuk penerbangan yang dibatalkan adalah karena pilot yang divaksinasi sekarat, kadang-kadang dalam penerbangan, dan pilot dan awak kabin yang tidak divaksinasi mengundurkan diri karena mandat vaksin.”', 'www.realrawnews.com', 'or', 'nor', 'hoax', 'y'),
(30, 'admin', 'William Ribeiro: Pesepakbola Brasil didakwa dengan percobaan pembunuhan setelah menendang kepala wasit', '2021-10-07', 'https://cdn.cnn.com/cnnnext/dam/assets/211006114659-01-william-ribeiro-kicks-rodrigo-crivellaro-exlarge-169.jpg', '(CNN)Pesepakbola Brasil menghadapi tuduhan percobaan pembunuhan setelah menendang kepala wasit dan membuatnya pingsan.\r\nDalam wawancara telepon dengan CNN, Vinicius de Lourenco de Assuncao, yang merupakan kepala polisi Venancio Aires dan melakukan penahanan preventif terhadap William Ribeiro, mengatakan pesepakbola itu telah dibebaskan dari penjara pada Selasa.\r\nRibeiro ditangkap setelah menyerang kepala wasit Rodrigo Crivellaro dalam pertandingan pada Senin di Venancio Aires, di negara bagian Rio Grande do Sul, Brasil selatan.\r\nPertandingan antara Sport Club Sao Paulo melawan Guarani-RS berlangsung di kasta kedua negara bagian Rio Grande do Sul.\r\nRibeiro, yang bermain untuk Sport Club Sao Paulo, menyerang Crivellaro di awal babak kedua.\r\nWasit Crivellaro meninggalkan stadion dalam keadaan tidak sadarkan diri dengan ambulans dan dibawa ke rumah sakit. Setelah beberapa pemeriksaan dan observasi, dia dipulangkan pada hari Selasa.\r\n\"Saya tidak begitu ingat (apa yang terjadi). Rekan wasit saya memberi tahu saya bahwa saya memberinya kartu kuning. Dia meninju wajah saya, saya jatuh ke tanah, ditendang, dan pingsan,\" kata Crivellaro kepada seorang warga setempat. Stasiun Radio.\r\n\"Pemain ini membutuhkan perawatan karena dia benar-benar di luar kendali. Dia pantas ditahan untuk waktu yang lama.\"\r\nNegara bagian Rio Grande do Sul mengeluarkan pernyataan pada hari Senin yang mengatakan telah membuka penyelidikan atas insiden tersebut, sementara Klub Olahraga Sao Paulo mengatakan bahwa \"sangat malu\" atas agresi tersebut dan bahwa kontrak Ribeiro telah berakhir.\r\n\"Kontrak atlet agresor diakhiri dengan cepat. Selanjutnya, semua kemungkinan dan tindakan hukum terkait dengan fakta akan diambil,\" tulis tim dalam catatan resmi.\r\nTidak ada pengacara yang muncul untuk membela Ribeiro, menurut Assuncao, dan kasusnya sekarang ditangani oleh pembela umum negara bagian.\r\nRibeiro belum berkomentar secara terbuka di media sosialnya atau di media Brasil.', 'edition.cnn.com', 'or', 'nor', 'legit', 'y'),
(31, '1127003', 'Seorang pengedar narkoba ditangkap karena menyelundupkan narkoba di dalam celana dalam', '2021-11-27', '1638010569848.jpg', 'Lima orang ditangkap satreskrim jawa timur karena diduga menyelundupkan narkoba seberat 50 gram di dalam celana dalam mereka. 2 diantaranya merupakan anak dibawah umur.', 'www.detik.com', 'uc', 'nor', 'legit', 'n'),
(32, '1127004', 'domain witch of flame menjadi domain terkutuk', '2021-11-27', '1638028459757.jpg', 'domain yang selalu didambakan oleh semua pengguna pyro karakter menjadi domain yang paling terkutuk', 'www.hoyolab.com/forum/id/pyro-domain', 'uc', 'nor', 'legit', 'n'),
(33, '1234567', 'CEO Aqua Mempunyai Skandal', '2021-11-28', '', 'Rerer', 'rererer', 'uc', 'nor', 'legit', 'n'),
(34, '1128001', 'David Silva telah memenangkan 3 title Premier League dengan 3 gaya rambut yang berbeda, sedangkan pogba memiliki 300 gaya rambut namun tidak memenangkan 1 kali pun', '2021-11-28', '1638105883962.jpg', '', '', 'uc', 'pho', 'legit', 'y');

-- --------------------------------------------------------

--
-- Table structure for table `news_reference`
--

DROP TABLE IF EXISTS `news_reference`;
CREATE TABLE `news_reference` (
  `id` int(11) NOT NULL,
  `news` int(11) NOT NULL,
  `reference` text NOT NULL
) ENGINE=InnoDB DEFAULT CHARSET=latin1;

--
-- Dumping data for table `news_reference`
--

INSERT INTO `news_reference` (`id`, `news`, `reference`) VALUES
(1, 1, 'https://www.vaporku.com/manfaat-vaping/'),
(2, 1, 'https://www.merdeka.com/peristiwa/riset-tiga-tahun-dari-italia-pastikan-rokok-elektrik-tidak-bahaya.html'),
(3, 2, 'https://www.panduanbpjs.com/keuntungan-dan-kelebihan-menjadi-peserta-bpjs-kesehatan/'),
(4, 2, 'https://www.liputan6.com/bisnis/read/2918151/ini-manfaat-program-bpjs-ketenagakerjaan-bagi-pekerja'),
(5, 3, 'https://www.liputan6.com/health/read/3586690/penjelasan-dokter-kenapa-obat-kanker-trastuzumab-tak-lagi-dijamin-bpjs-kesehatan'),
(6, 3, 'https://www.liputan6.com/health/read/3594312/alasan-bpjs-kesehatan-setop-tanggung-obat-kanker-trastuzumab'),
(7, 4, 'https://www.liputan6.com/news/read/3108054/kasus-bayi-debora-sanksi-untuk-rs-mitra-keluarga-dinilai-tepat'),
(8, 4, 'https://www.merdeka.com/peristiwa/rentetan-dosa-rs-mitra-keluarga-atas-kasus-bayi-debora.html'),
(9, 5, 'https://www.vemale.com/kesehatan/42014-waspada-efek-samping-dari-konsumsi-obat-tradisional.html'),
(10, 5, 'https://gudangilmu.farmasetika.com/mengapa-hampir-semua-obat-termasuk-obat-herbal-memiliki-efek-samping/'),
(11, 6, 'https://journal.sociolla.com/lifestyle/efek-minum-kopi-tiap-hari/'),
(12, 6, 'http://aceh.tribunnews.com/2017/07/23/terlalu-banyak-minum-kopi-berbahaya-bagi-kesehatan'),
(13, 7, 'https://www.tribunnews.com/tribunners/2017/11/22/12-manfaat-menakjubkan-rutin-minum-teh-hitam'),
(14, 7, 'http://wartakota.tribunnews.com/2018/06/05/5-jenis-minuman-teh-dan-manfaatnya-untuk-kesehatan-tubuh-anda'),
(15, 8, 'https://www.merdeka.com/sehat/cara-bijak-konsumsi-susu-kental-manis-agar-tak-mengganggu-kesehatan.html'),
(16, 8, 'https://www.republika.co.id/berita/gaya-hidup/info-sehat/17/09/20/owjrfl359-inilah-kelebihan-gizi-susu-kental-manis'),
(17, 9, 'https://hellosehat.com/herbal-alternatif/herbal/manfaat-cabe-untuk-kesehatan/'),
(18, 9, 'https://www.tribunnews.com/tribunners/2017/10/12/manfaat-dan-bahaya-makananpedas-untuk-kesehatan'),
(19, 10, 'https://health.detik.com/berita-detikhealth/d-2356255/obat-kolesterol-harus-diminum-seumur-hidup-ini-alasannya'),
(20, 10, 'https://www.tribunnews.com/kesehatan/2014/04/25/apa-dampaknya-jika-minum-obat-penurun-kolesterol-dalam-waktu-lama'),
(21, 11, 'https://www.kaskus.co.id/thread/590ef2b5d89b095d318b4567/sudah-tahu-kelebihan-dan-kekurangan-bpjs-kesehatan/'),
(22, 11, 'https://www.cermati.com/artikel/bpjs-kesehatan-apa-kelebihan-dan-kekurangannya'),
(23, 12, 'https://www.kompasiana.com/fathia.nauri/54f38100745513802b6c78a8/peserta-bpjs-kurang-bisa-dilayani-dengan-baik-karena-masih-kurangnya-sdm-kesehatan'),
(24, 12, 'https://news.detik.com/berita-jawa-timur/d-3529039/pelayanan-tidak-memuaskan-bpjs-di-jatim-disorot'),
(25, 13, 'https://www.liputan6.com/health/read/570490/bila-usia-sudah-25-tahun-wanita-wajib-tes-pap-smear'),
(26, 13, 'https://tirto.id/pentingnya-deteksi-dini-kanker-serviks-dengan-pap-smear-cnFp'),
(27, 4, 'https://hellosehat.com/hidup-sehat/fakta-unik/4-manfaat-medis-ganja-bagi-tubuh/'),
(28, 4, 'https://international.sindonews.com/read/1265995/41/who-beri-lampu-hijau-penggunaan-ganja-untuk-pengobatan-1513323599'),
(29, 15, 'https://www.kaskus.co.id/thread/5ac09fd698e31b61468b4569/5-negara-yang-melegalkan-euthanasia-aktif-dan-penuh/'),
(30, 15, 'https://www.kompas.com/tren/read/2020/11/02/144500665/apa-itu-euthanasia-dan-negara-mana-saja-yang-melegalkan-'),
(31, 16, 'https://www.bbc.com/indonesia/berita_indonesia/2016/06/160613_indonesia_kebiri_idi_dokter'),
(32, 16, 'https://nasional.kompas.com/read/2016/06/10/19330471/soal.idi.tolak.eksekusi.kebiri.ini.komentar.pks'),
(33, 17, 'https://www.kaskus.co.id/thread/539fb485128b46094e8b456d/mitos-sakit-mata-menular-lewat-tatapan-mata-amp-tips-menghindarinya/'),
(34, 17, 'https://www.klikdokter.com/rubrik/read/2699712/apakah-infeksi-mata-bisa-menular-lewat-tatapan'),
(35, 18, 'https://jogja.tribunnews.com/2017/11/23/kamu-harus-tahu-ini-efek-samping-durian-bagi-kesehatan-salah-satunya-mematikan?page=3'),
(36, 18, 'https://kumparan.com/kumparanfood/5-efek-samping-makan-durian-terlalu-banyak/full'),
(37, 19, 'https://kih.co.id/2017/12/05/ketahui-10-manfaat-air-putih-bagi-kesehatan-tubuh-manusia/'),
(38, 19, 'https://www.liputan6.com/lifestyle/read/3503526/rasakan-6-manfaat-rutin-minum-air-putih-saat-bangun-tidur'),
(39, 20, 'https://lifestyle.kompas.com/read/2018/03/16/062000120/yang-terjadi-pada-tubuh-jika-berolahraga-secara-teratur'),
(40, 20, 'https://www.liputan6.com/news/read/3146321/manfaat-olahraga-lebih-dari-sekadar-kesehatan-fisik-apa-saja'),
(41, 21, 'https://www.articlesvally.com/worldwide/unifrm-ta'),
(42, 21, 'https://cleverst.com/worldwide/unifrm-ta'),
(43, 22, 'https://realrawnews.com/2021/11/military-arrests-former-president-george-w-bush/'),
(44, 22, 'https://adinakutnicki.com/2021/11/15/military-arrests-former-president-george-w-bush/'),
(45, 23, 'https://archive.ph/56VjC'),
(46, 24, 'https://www.misterstory.com/en/19377/5/?utm_source=taboola&utm_campaign=13773828&utm_content=3048291059&utm_medium=journkey-richouses&utm_term=13773828|journkey-richouses&utm_mb=xle'),
(47, 25, 'https://daydaynews.cc/en/entertainment/899251.html'),
(48, 25, 'https://lujuba.cc/en/573688.html'),
(49, 26, 'https://www.conservativebeaver.com/2021/11/05/ceo-of-pfizer-arrested-charged-with-fraud-media-blackout/'),
(50, 27, 'https://www.conservativebeaver.com/2021/10/23/alec-baldwin-arrested-for-first-degree-murder-and-possession-of-child-pornography-media-blackout/#comment-4101'),
(51, 28, 'https://www.naturalnews.com/2021-10-29-japan-ends-vaccine-induced-pandemic-legalizing-ivermectin.html'),
(52, 28, 'https://apnews.com/article/fact-checking-079183409501'),
(53, 29, 'https://realrawnews.com/2021/10/massive-flight-cancellations-due-to-vaccine-deaths-and-employee-resignations/'),
(54, 30, 'https://www.reuters.com/lifestyle/sports/player-charged-with-attempted-murder-after-attacking-referee-2021-10-06/'),
(55, 30, 'https://edition.cnn.com/2021/10/07/football/brazilian-footballer-william-ribeiro-spt-intl/index.html');

-- --------------------------------------------------------

--
-- Table structure for table `news_tag`
--

DROP TABLE IF EXISTS `news_tag`;
CREATE TABLE `news_tag` (
  `id` int(11) NOT NULL,
  `news` int(11) NOT NULL,
  `tag` int(11) NOT NULL
) ENGINE=InnoDB DEFAULT CHARSET=latin1;

--
-- Dumping data for table `news_tag`
--

INSERT INTO `news_tag` (`id`, `news`, `tag`) VALUES
(1, 32, 12),
(2, 33, 5),
(3, 34, 7),
(4, 34, 1),
(5, 34, 9),
(6, 34, 14);

-- --------------------------------------------------------

--
-- Table structure for table `tags`
--

DROP TABLE IF EXISTS `tags`;
CREATE TABLE `tags` (
  `id` int(11) NOT NULL,
  `tag` varchar(32) NOT NULL
) ENGINE=InnoDB DEFAULT CHARSET=latin1;

--
-- Dumping data for table `tags`
--

INSERT INTO `tags` (`id`, `tag`) VALUES
(1, 'Sports'),
(2, 'Health'),
(3, 'Politics'),
(4, 'Celebrity'),
(5, 'Entertainment'),
(6, 'Other'),
(7, 'Funny'),
(8, 'Nature'),
(9, 'Tragedy'),
(10, 'Lifestyle'),
(11, 'Movies'),
(12, 'Video Game'),
(13, 'Science'),
(14, 'Crime'),
(15, 'Government');

-- --------------------------------------------------------

--
-- Table structure for table `user`
--

DROP TABLE IF EXISTS `user`;
CREATE TABLE `user` (
  `id` varchar(9) NOT NULL,
  `username` varchar(32) NOT NULL,
  `password` varchar(32) NOT NULL,
  `email` varchar(40) NOT NULL,
  `name` varchar(36) NOT NULL,
  `nationality` char(2) NOT NULL,
  `dob` date NOT NULL,
  `gender` varchar(1) NOT NULL,
  `pp` varchar(40) NOT NULL DEFAULT 'default.png',
  `level` int(1) NOT NULL DEFAULT 1,
  `rating` int(5) NOT NULL DEFAULT 0,
  `role` varchar(1) NOT NULL COMMENT 'n/d/a',
  `sgp` int(11) NOT NULL DEFAULT 0 COMMENT 'Standard games played',
  `tgp` int(11) NOT NULL DEFAULT 0 COMMENT 'Timed games played',
  `tstg` int(11) NOT NULL DEFAULT 0 COMMENT 'Times spent on timed gamemode',
  `cgp` int(11) NOT NULL DEFAULT 0 COMMENT 'Challenge gamemode played',
  `cw` int(11) NOT NULL DEFAULT 0 COMMENT 'Challenge won',
  `ca` int(11) NOT NULL DEFAULT 0 COMMENT 'Correct answers',
  `tqf` int(11) NOT NULL DEFAULT 0 COMMENT 'Total questions faced',
  `na` int(11) NOT NULL DEFAULT 0 COMMENT 'News added'
) ENGINE=InnoDB DEFAULT CHARSET=latin1;

--
-- Dumping data for table `user`
--

INSERT INTO `user` (`id`, `username`, `password`, `email`, `name`, `nationality`, `dob`, `gender`, `pp`, `level`, `rating`, `role`, `sgp`, `tgp`, `tstg`, `cgp`, `cw`, `ca`, `tqf`, `na`) VALUES
('1126001', 'KoMandan', 'test', 'mygirafe@gmail.com', 'Michael', 'IR', '1900-11-01', 'n', 'default.png', 1, 87, 'n', 3, 0, 0, 1, 0, 25, 40, 0),
('1126002', 'tubbynugget', 'Pricillia88', 'natasha.pricillia12@gmail.com', 'natasha ', 'ID', '1999-11-20', 'f', 'default.png', 2, 205, 'n', 5, 0, 0, 2, 1, 53, 63, 0),
('1127001', 'sheryl', 'Mdlnsher12', 'madelinesheryll@gmail.com', 'sheryl', 'ID', '2007-05-31', 'f', 'default.png', 1, 63, 'n', 1, 0, 0, 1, 0, 16, 20, 0),
('1127002', 'noobmeister99', 'lakadmatatag', 'jaisonlukman@gmail.com', 'jaison', 'ML', '1999-08-26', 'm', 'default.png', 1, 92, 'n', 2, 0, 0, 2, 0, 33, 40, 0),
('1127003', 'johanesr', '1234', 'johanes.redytian@gmail.com', 'Johanes.', 'MY', '1999-04-01', 'm', 'default.png', 1, 91, 'n', 1, 0, 0, 1, 1, 19, 20, 5),
('1127004', 'Elmer Jago', 'Chriselmer77', 'christopherelmer77@gmail.com', 'Christopher Elmer', 'ID', '1999-11-07', 'm', 'default.png', 4, 1220, 'n', 22, 0, 0, 4, 1, 218, 252, 1),
('1128001', 'Bobby Santoso', 'Plafonrusak123', 'eraprimax@gmail.com', 'Era Prima Santoso', 'ID', '1996-11-15', 'n', 'default.png', 1, 57, 'n', 2, 0, 0, 2, 0, 18, 21, 1),
('1206001', 'Noobmeister99', 'aduaduadu99', 'Johankusuma@gmail.com', 'johan kusuma', 'ID', '1998-12-25', 'm', 'default.png', 2, 251, 'n', 2, 0, 0, 0, 0, 10, 20, 0),
('1206002', 'EraSap01', 'putrahanoman99', 'Eraprims99@gmail.com', 'Era Prime Saps', 'ID', '1999-12-16', 'm', 'default.png', 1, 0, 'n', 2, 0, 0, 0, 0, 14, 20, 0),
('1206003', 'skylar99', 'qwerty99', 'jasonalexander@gmail.com', 'jason alexander', 'ID', '1988-12-01', 'm', 'default.png', 1, 10, 'n', 2, 0, 0, 1, 0, 29, 51, 0),
('1206004', 'johtian11', 'johanes99', 'johanes@gmail.com', 'johanes tian', 'ID', '2001-12-07', 'm', 'default.png', 1, 0, 'n', 2, 0, 0, 0, 0, 14, 20, 0),
('1206005', 'optimumprenk42', 'michelle123', 'michellek@gmail.com', 'michelle', 'ID', '1998-12-04', 'f', 'default.png', 1, 0, 'n', 2, 0, 0, 0, 0, 12, 20, 0),
('1206006', 'muhammad.fuad', '1234', 'ryuuku.sena@yahoo.com', 'muhammad.fuad', 'ID', '1993-07-04', 'n', 'default.png', 1, 0, 'n', 0, 0, 0, 0, 0, 0, 0, 0),
('1206007', 'Farhan Budi', '1234', 'farhanbudi131.s@gmail.com', 'Farhan Budi Setiadi', 'IR', '1999-08-18', 'm', 'default.png', 1, 0, 'n', 0, 0, 0, 0, 0, 0, 0, 0),
('1206008', 'lucintaluna', '1234', 'tunasalmon121@gmail.com', 'Lucinta luna', 'ID', '1994-05-08', 'm', 'default.png', 1, 0, 'n', 0, 0, 0, 0, 0, 0, 0, 0),
('1206009', 'Krisna Hamzah', '1234', '1krisnaH@outlook.com', 'Krisna Hamzah', 'ID', '1999-02-04', 'n', 'default.png', 1, 0, 'n', 0, 0, 0, 0, 0, 0, 0, 0),
('1206010', 'Faris_pro', '1234', 'farisirhad2525@gmail.com', 'Faris Irhad', 'ID', '1994-12-06', 'm', 'default.png', 1, 35, 'n', 1, 0, 0, 0, 0, 7, 10, 0),
('1206011', 'gary_thomas', '1234', 'garythomas6940@gmail.com', 'Gary Thomas', 'ID', '1998-03-31', 'm', 'default.png', 1, 48, 'n', 1, 0, 0, 0, 0, 9, 10, 0),
('1206012', 'eraprimax', '1234', 'eraprimak@gmail.com', 'Era', 'ID', '1999-06-11', 'n', 'default.png', 1, 41, 'n', 1, 0, 0, 0, 0, 7, 10, 0),
('1206013', 'exxx', '1234', 'eraprimaj@gmail.com', 'bobbbs', 'ID', '1997-12-31', 'm', 'default.png', 1, 8, 'n', 1, 0, 0, 0, 0, 1, 2, 0),
('1206014', 'jaesonkuasong', '1234', 'eraprimad@gmail.com', 'jae', 'ID', '2001-01-11', 'f', 'default.png', 1, 2, 'n', 1, 0, 0, 0, 0, 2, 5, 0),
('1206015', 'gru', '1234', 'emizfanu@gmail.com', 'gru susanto', 'ID', '2000-11-10', 'f', 'default.png', 1, -1, 'n', 1, 0, 0, 0, 0, 3, 10, 0),
('1206016', 'santoso', '1234', 'emizfanz@gmail.com', 'santoso', 'ID', '1997-09-10', 'f', 'default.png', 1, -13, 'n', 1, 0, 0, 0, 0, 3, 10, 0),
('1206017', 'andini', '1234', 's160717058@student.ubaya.ac.id', 'andini', 'ID', '2001-09-12', 'n', 'default.png', 1, 43, 'n', 1, 0, 0, 0, 0, 7, 10, 0),
('1206018', 'christanto', '1234', 'emizfand@gmail.com', 'chris', 'ID', '2000-05-10', 'n', 'default.png', 1, -1, 'n', 1, 0, 0, 0, 0, 4, 10, 0),
('1206019', 'saputra', '1234', 'eraprimasaputra@gmail.com', 'saputra', 'ID', '1999-09-08', 'f', 'default.png', 1, 23, 'n', 1, 0, 0, 0, 0, 7, 10, 0),
('1206020', 'burger', '1234', 'bigerburgerr@gmail.com', 'mamah sigit', 'ID', '1997-09-19', 'm', 'default.png', 1, 33, 'n', 1, 0, 0, 0, 0, 6, 10, 0),
('1206021', 'Mang dayat', '1234', 'eraprima44@yahoo.com', 'Mang Dayat Batagor', 'ID', '1990-04-11', 'm', 'default.png', 1, 39, 'n', 1, 0, 0, 0, 0, 7, 10, 0),
('1206022', 'illenium', '1234', 'eraprimah@gmail.com', 'illenium', 'ID', '1996-07-03', 'n', 'default.png', 1, 61, 'n', 1, 0, 0, 0, 0, 10, 10, 0),
('1206023', 'braxton', '1234', 'eraprimas@gmail.com', 'braxton', 'ID', '1994-04-13', 'm', 'default.png', 1, 46, 'n', 1, 0, 0, 0, 0, 8, 10, 0),
('1206024', 'agnes', '1234', 'eraprimaf@gmail.com', 'agnes', 'ID', '1997-08-07', 'n', 'default.png', 1, 39, 'n', 1, 0, 0, 0, 0, 7, 10, 0),
('1206025', 'arturo', '1234', 'emizfanv@gmail.com', 'arturo', 'ID', '1987-08-05', 'm', 'default.png', 1, 34, 'n', 1, 0, 0, 0, 0, 7, 10, 0),
('1206026', 'jotaro kujo', '1234', 'emizfanf@gmail.com', 'jotaro', 'ID', '1985-09-18', 'm', 'default.png', 1, 38, 'n', 1, 0, 0, 0, 0, 7, 10, 0),
('1206027', 'Harry Slabhead', '1234', 'emizfanx@gmail.com', 'Harry Mcguire', 'ID', '1984-12-05', 'm', 'default.png', 1, 26, 'n', 1, 0, 0, 0, 0, 6, 10, 0),
('1206028', 'Boris', '1234', 'emizfanb@gmail.com', 'Boris', 'ID', '1997-12-12', 'f', 'default.png', 1, 23, 'n', 1, 0, 0, 0, 0, 6, 10, 0),
('1206029', 'Wahyu Wijaya', '1234', 'friedshrimp0102@gmail.com', 'Wahyu Wijaya', 'ID', '1990-07-23', 'm', 'default.png', 1, 44, 'n', 1, 0, 0, 0, 0, 8, 10, 0),
('1206030', 'mcguire_05', '1234', 'eggroll1423@gmail.com', 'Hadi Wijayanto', 'ID', '1997-03-28', 'm', 'default.png', 1, 18, 'n', 1, 0, 0, 0, 0, 6, 10, 0),
('1206031', 'emjessi', '1234', 'emjessi0910@gmail.com', 'Jessica S', 'ID', '1999-10-09', 'f', 'default.png', 1, 55, 'n', 1, 0, 0, 0, 0, 8, 10, 0),
('1206032', 'laurenciacitra', '1234', 'laurenciacitra@gmail.com', 'Citra', 'ID', '1999-11-10', 'f', 'default.png', 1, 97, 'n', 1, 0, 0, 0, 0, 6, 10, 0),
('1206033', 'stephanielevina', '1234', 'stephanie210@gmail.com', 'Stevi', 'ID', '1999-10-02', 'f', 'default.png', 1, 34, 'n', 2, 0, 0, 0, 0, 10, 20, 0),
('1206034', 'itsbeth', '1234', 'irene.bellinda@gmail.com', 'Irene', 'ID', '2002-01-31', 'f', 'default.png', 2, 222, 'n', 6, 0, 0, 0, 0, 43, 60, 0),
('1206035', 'aapp', '1234', 'aloisiusandy@gmail.com', 'Andy', 'ID', '1999-06-18', 'm', 'default.png', 1, 61, 'n', 2, 0, 0, 0, 0, 12, 20, 0),
('1206036', 'vlee', '1234', 'vickylee2046@gmail.com', 'Vicky', 'ID', '1996-12-08', 'f', 'default.png', 1, 16, 'n', 1, 0, 0, 0, 0, 6, 10, 0),
('1206037', 'aldrich_99', '1234', 'immanuel.aldrich@gmail.com', 'Aldrich', 'ID', '1999-03-08', 'm', 'default.png', 1, 6, 'n', 1, 0, 0, 0, 0, 6, 10, 0),
('1206038', 'mariettaseania', '1234', 'marietta.seania@yahoo.com', 'Sean', 'ID', '1996-03-08', 'f', 'default.png', 1, 50, 'n', 1, 0, 0, 0, 0, 7, 10, 0),
('1206039', 'corneliacindy', '1234', 'corneliacindy28@gmail.com', 'Cindy', 'ID', '2006-05-28', 'f', 'default.png', 1, 6, 'n', 1, 0, 0, 0, 0, 5, 10, 0),
('1206040', 'agusS', '1234', 'agus.suparman@yahoo.com', 'Agusssss', 'ID', '1999-04-04', 'm', 'default.png', 1, 26, 'n', 2, 0, 0, 0, 0, 12, 20, 0),
('1206041', 'kevin_A', '1234', 'kevinarief2077@gmail.com', 'Kevin Arief', 'ID', '1999-01-15', 'm', 'default.png', 1, 23, 'n', 1, 0, 0, 0, 0, 6, 10, 0),
('1206042', 'Edo12', '1234', 'salmongrill0102@gmail.com', 'Edo Gunawan', 'ID', '1998-08-03', 'm', 'default.png', 1, 73, 'n', 1, 0, 0, 0, 0, 7, 10, 0),
('1206043', 'arief', '1234', 'kristian.sutjiadi@gmail.com', 'Kristian', 'ID', '2000-12-27', 'm', 'default.png', 1, 27, 'n', 1, 0, 0, 0, 0, 10, 10, 0),
('1206044', 'michaelyohanes', '1234', 'michaelyohanes@gmail.com', 'Mike', 'ID', '1999-11-30', 'm', 'default.png', 1, 104, 'n', 1, 0, 0, 0, 0, 8, 10, 0),
('1206045', 'johangunawan', '1234', 'johan.gunawan@yahoo.com', 'Jogu', 'ID', '1999-06-08', 'm', 'default.png', 1, 87, 'n', 1, 0, 0, 0, 0, 6, 10, 0),
('1207001', 'hellios', 'asdf', 'henrylio@gmail.com', 'Henry', 'ID', '1997-12-02', 'm', 'default.png', 1, 62, 'n', 1, 0, 0, 1, 0, 19, 20, 0),
('1234567', 'admin23', 'asdf', 'admin@mail.com', 'Admin', 'ID', '2021-11-11', 'm', '1638818592136.jpg', 7, 6888, 'a', 77, 5, 237, 24, 1, 361, 603, 8);

-- --------------------------------------------------------

--
-- Table structure for table `user_achievement`
--

DROP TABLE IF EXISTS `user_achievement`;
CREATE TABLE `user_achievement` (
  `id` int(11) NOT NULL,
  `user` varchar(9) NOT NULL,
  `achievement` int(11) NOT NULL,
  `date` datetime NOT NULL DEFAULT current_timestamp(),
  `picked` char(1) DEFAULT NULL
) ENGINE=InnoDB DEFAULT CHARSET=latin1;

--
-- Dumping data for table `user_achievement`
--

INSERT INTO `user_achievement` (`id`, `user`, `achievement`, `date`, `picked`) VALUES
(1, '1126001', 3, '2021-11-26 23:25:06', ''),
(2, '1126001', 1, '2021-11-26 23:25:06', ''),
(3, '1234567', 3, '2021-11-26 23:38:13', ''),
(4, '1234567', 11, '2021-11-26 23:38:13', ''),
(5, '1234567', 10, '2021-11-26 23:38:13', 'y'),
(6, '1126002', 1, '2021-11-27 00:01:42', ''),
(7, '1126002', 5, '2021-11-27 00:08:57', ''),
(8, '1127001', 1, '2021-11-27 00:48:27', ''),
(9, '1126002', 15, '2021-11-27 00:55:19', ''),
(10, '1127002', 2, '2021-11-27 01:01:48', ''),
(11, '1127002', 1, '2021-11-27 01:01:48', ''),
(12, '1234567', 2, '2021-11-27 01:32:32', 'y'),
(13, '1127003', 1, '2021-11-27 17:46:31', ''),
(14, '1127004', 3, '2021-11-27 22:37:01', ''),
(15, '1127004', 1, '2021-11-27 22:37:01', ''),
(16, '1127004', 5, '2021-11-27 22:47:28', ''),
(17, '1127004', 6, '2021-11-27 22:55:57', ''),
(18, '1127004', 11, '2021-11-27 22:56:31', ''),
(19, '1127004', 7, '2021-11-27 23:00:23', ''),
(20, '1234567', 4, '2021-11-28 02:25:24', NULL),
(21, '1128001', 1, '2021-11-28 20:16:00', ''),
(22, '1127004', 15, '2021-11-28 20:31:57', ''),
(23, '1234567', 16, '2021-12-01 18:14:10', ''),
(24, '1234567', 15, '2021-12-01 18:14:10', 'y'),
(25, '1234567', 17, '2021-12-01 18:15:01', NULL),
(26, '1234567', 12, '2021-12-01 18:15:59', NULL),
(28, '1234567', 1, '2021-12-01 18:42:48', NULL),
(29, '1206001', 1, '2021-12-06 17:07:23', NULL),
(30, '1206001', 1, '2021-12-06 17:08:16', NULL),
(31, '1206002', 1, '2021-12-06 17:12:42', NULL),
(32, '1206002', 1, '2021-12-06 17:13:13', NULL),
(33, '1206003', 1, '2021-12-06 17:15:29', NULL),
(34, '1206003', 1, '2021-12-06 17:15:42', NULL),
(35, '1206003', 1, '2021-12-06 17:15:59', NULL),
(36, '1206003', 1, '2021-12-06 17:16:38', NULL),
(37, '1206004', 1, '2021-12-06 17:18:41', NULL),
(38, '1206004', 1, '2021-12-06 17:19:15', NULL),
(39, '1206005', 1, '2021-12-06 17:21:58', NULL),
(40, '1206005', 1, '2021-12-06 17:22:35', NULL),
(41, '1206006', 1, '2021-12-06 17:28:42', NULL),
(42, '1206006', 1, '2021-12-06 17:30:06', NULL),
(43, '1206007', 1, '2021-12-06 17:37:42', NULL),
(44, '1206007', 1, '2021-12-06 17:38:10', NULL),
(45, '1206008', 1, '2021-12-06 17:41:12', NULL),
(46, '1206008', 1, '2021-12-06 17:42:38', NULL),
(47, '1206009', 1, '2021-12-06 17:45:52', NULL),
(48, '1234567', 11, '2021-12-06 17:50:07', NULL),
(49, '1234567', 10, '2021-12-06 17:50:07', NULL),
(50, '1206003', 1, '2021-12-06 17:55:22', NULL),
(51, '1206010', 1, '2021-12-06 17:59:06', NULL),
(52, '1206011', 1, '2021-12-06 18:02:27', NULL),
(53, '1206012', 1, '2021-12-06 18:36:32', NULL),
(54, '1206013', 1, '2021-12-06 18:40:01', NULL),
(55, '1206014', 1, '2021-12-06 18:42:26', NULL),
(56, '1206015', 1, '2021-12-06 18:45:17', NULL),
(57, '1206016', 1, '2021-12-06 18:47:41', NULL),
(58, '1206017', 1, '2021-12-06 18:50:03', NULL),
(59, '1206018', 1, '2021-12-06 18:52:45', NULL),
(60, '1206019', 1, '2021-12-06 18:55:02', NULL),
(61, '1206020', 1, '2021-12-06 18:56:59', NULL),
(62, '1206021', 1, '2021-12-06 18:59:15', NULL),
(63, '1206022', 1, '2021-12-06 19:00:42', NULL),
(64, '1206023', 1, '2021-12-06 19:02:38', NULL),
(65, '1206024', 1, '2021-12-06 19:10:39', NULL),
(66, '1206025', 1, '2021-12-06 19:12:36', NULL),
(67, '1206026', 1, '2021-12-06 19:14:09', NULL),
(68, '1206027', 1, '2021-12-06 19:16:32', NULL),
(69, '1206028', 1, '2021-12-06 19:18:05', NULL),
(70, '1206029', 1, '2021-12-06 20:00:06', NULL),
(71, '1206030', 1, '2021-12-06 20:01:54', NULL),
(72, '1206031', 1, '2021-12-06 20:03:44', NULL),
(73, '1206032', 1, '2021-12-06 20:05:07', NULL),
(74, '1206033', 1, '2021-12-06 20:06:57', NULL),
(75, '1206033', 1, '2021-12-06 20:06:58', NULL),
(76, '1206034', 1, '2021-12-06 20:08:13', NULL),
(77, '1206034', 1, '2021-12-06 20:08:14', NULL),
(78, '1206034', 1, '2021-12-06 20:08:21', NULL),
(79, '1206034', 1, '2021-12-06 20:08:32', NULL),
(80, '1206034', 1, '2021-12-06 20:08:42', NULL),
(81, '1206034', 1, '2021-12-06 20:09:16', NULL),
(82, '1206034', 5, '2021-12-06 20:09:16', NULL),
(83, '1206035', 1, '2021-12-06 20:10:31', NULL),
(84, '1206035', 1, '2021-12-06 20:10:44', NULL),
(85, '1206036', 1, '2021-12-06 20:11:57', NULL),
(86, '1206037', 1, '2021-12-06 20:13:25', NULL),
(87, '1206038', 1, '2021-12-06 20:15:45', NULL),
(88, '1206039', 1, '2021-12-06 20:17:18', NULL),
(89, '1206040', 1, '2021-12-06 20:18:35', NULL),
(90, '1206040', 1, '2021-12-06 20:18:35', NULL),
(91, '1206041', 1, '2021-12-06 20:20:28', NULL),
(92, '1206042', 1, '2021-12-06 20:21:35', NULL),
(93, '1206043', 1, '2021-12-06 20:22:43', NULL),
(94, '1206044', 1, '2021-12-06 20:23:57', NULL),
(95, '1206045', 1, '2021-12-06 20:26:17', NULL),
(100, '1234567', 10, '2021-12-07 02:25:30', NULL),
(101, '1207001', 2, '2021-12-07 02:31:00', NULL),
(102, '1207001', 1, '2021-12-07 02:31:00', NULL);

-- --------------------------------------------------------

--
-- Table structure for table `user_answer`
--

DROP TABLE IF EXISTS `user_answer`;
CREATE TABLE `user_answer` (
  `id` int(11) NOT NULL,
  `user` varchar(9) NOT NULL,
  `news` int(11) NOT NULL,
  `date_answered` timestamp NOT NULL DEFAULT current_timestamp(),
  `answer` varchar(5) NOT NULL,
  `score` int(3) NOT NULL,
  `reasoning` varchar(255) DEFAULT NULL
) ENGINE=InnoDB DEFAULT CHARSET=latin1;

--
-- Dumping data for table `user_answer`
--

INSERT INTO `user_answer` (`id`, `user`, `news`, `date_answered`, `answer`, `score`, `reasoning`) VALUES
(1, '1126001', 26, '2021-11-26 16:21:33', 'legit', 6, ''),
(2, '1126001', 24, '2021-11-26 16:21:55', 'hoax', 6, ''),
(3, '1126001', 15, '2021-11-26 16:22:04', 'hoax', 5, ''),
(4, '1126001', 6, '2021-11-26 16:22:24', 'hoax', 7, ''),
(5, '1126001', 14, '2021-11-26 16:22:36', 'legit', 9, ''),
(6, '1126001', 25, '2021-11-26 16:22:55', 'hoax', 6, ''),
(7, '1126001', 13, '2021-11-26 16:24:19', 'legit', 9, ''),
(8, '1126001', 23, '2021-11-26 16:24:27', 'hoax', 8, ''),
(9, '1126001', 1, '2021-11-26 16:24:47', 'hoax', 4, ''),
(10, '1126001', 8, '2021-11-26 16:25:06', 'legit', 8, ''),
(11, '1126001', 23, '2021-11-26 16:25:21', 'hoax', 5, ''),
(12, '1126001', 7, '2021-11-26 16:25:29', 'legit', 10, ''),
(13, '1126001', 24, '2021-11-26 16:25:32', 'hoax', 7, ''),
(14, '1126001', 5, '2021-11-26 16:25:40', 'legit', 7, ''),
(15, '1126001', 28, '2021-11-26 16:25:55', 'hoax', 7, ''),
(16, '1126001', 29, '2021-11-26 16:26:01', 'hoax', 8, ''),
(17, '1126001', 6, '2021-11-26 16:26:05', 'legit', 5, ''),
(18, '1126001', 16, '2021-11-26 16:26:15', 'hoax', 3, ''),
(19, '1126001', 26, '2021-11-26 16:26:23', 'legit', 7, ''),
(20, '1126001', 25, '2021-11-26 16:26:27', 'hoax', 5, ''),
(21, '1126001', 27, '2021-11-26 16:27:02', 'legit', 6, ''),
(22, '1126001', 3, '2021-11-26 16:27:08', 'hoax', 7, ''),
(23, '1126001', 19, '2021-11-26 16:27:19', 'legit', 5, ''),
(24, '1126001', 1, '2021-11-26 16:27:26', 'hoax', 2, ''),
(25, '1126001', 8, '2021-11-26 16:27:32', 'legit', 5, ''),
(26, '1126001', 24, '2021-11-26 16:27:40', 'legit', 4, ''),
(27, '1126001', 25, '2021-11-26 16:27:45', 'legit', 2, ''),
(28, '1126001', 23, '2021-11-26 16:27:47', 'legit', 7, ''),
(29, '1126001', 11, '2021-11-26 16:27:51', 'legit', 8, ''),
(30, '1126001', 10, '2021-11-26 16:27:53', 'legit', 5, ''),
(31, '1126001', 8, '2021-11-26 16:29:32', 'hoax', 3, ''),
(32, '1126001', 28, '2021-11-26 16:29:35', 'hoax', 9, ''),
(33, '1126001', 13, '2021-11-26 16:29:39', 'hoax', 7, ''),
(34, '1126001', 16, '2021-11-26 16:29:42', 'hoax', 4, ''),
(35, '1126001', 20, '2021-11-26 16:29:45', 'hoax', 3, ''),
(36, '1126001', 12, '2021-11-26 16:29:50', 'hoax', 2, ''),
(37, '1126001', 25, '2021-11-26 16:29:53', 'hoax', 5, ''),
(38, '1126001', 3, '2021-11-26 16:30:01', 'legit', 9, ''),
(39, '1126001', 11, '2021-11-26 16:30:09', 'hoax', 6, ''),
(40, '1126001', 5, '2021-11-26 16:30:13', 'hoax', 7, ''),
(41, '1234567', 13, '2021-11-26 16:40:26', 'legit', 5, ''),
(42, '1126002', 12, '2021-11-26 16:56:06', 'legit', 9, ''),
(43, '1126002', 15, '2021-11-26 16:56:53', 'hoax', 4, ''),
(44, '1126002', 29, '2021-11-26 16:58:04', 'hoax', 5, ''),
(45, '1126002', 11, '2021-11-26 16:59:06', 'legit', 10, ''),
(46, '1126002', 10, '2021-11-26 17:00:12', 'legit', 9, ''),
(47, '1126002', 3, '2021-11-26 17:00:12', 'legit', 5, ''),
(48, '1126002', 9, '2021-11-26 17:01:24', 'legit', 8, ''),
(49, '1126002', 19, '2021-11-26 17:01:32', 'legit', 8, ''),
(50, '1126002', 6, '2021-11-26 17:01:36', 'legit', 6, ''),
(51, '1126002', 8, '2021-11-26 17:01:42', 'legit', 5, ''),
(52, '1126002', 30, '2021-11-26 17:02:28', 'legit', 8, ''),
(53, '1126002', 29, '2021-11-26 17:02:36', 'legit', 4, ''),
(54, '1126002', 9, '2021-11-26 17:02:47', 'legit', 6, ''),
(55, '1126002', 15, '2021-11-26 17:02:57', 'hoax', 6, ''),
(56, '1126002', 20, '2021-11-26 17:03:13', 'legit', 7, ''),
(57, '1126002', 22, '2021-11-26 17:04:08', 'legit', 5, ''),
(58, '1126002', 23, '2021-11-26 17:04:13', 'legit', 2, ''),
(59, '1126002', 3, '2021-11-26 17:04:13', 'legit', 9, ''),
(60, '1126002', 13, '2021-11-26 17:04:32', 'legit', 9, ''),
(61, '1126002', 25, '2021-11-26 17:04:44', 'hoax', 5, ''),
(62, '1126002', 24, '2021-11-26 17:05:23', 'hoax', 8, ''),
(63, '1126002', 28, '2021-11-26 17:05:51', 'legit', 3, ''),
(64, '1126002', 29, '2021-11-26 17:06:02', 'legit', 7, ''),
(65, '1126002', 27, '2021-11-26 17:06:13', 'legit', 6, ''),
(66, '1126002', 23, '2021-11-26 17:06:20', 'legit', 6, ''),
(67, '1126002', 30, '2021-11-26 17:06:27', 'legit', 10, ''),
(68, '1126002', 16, '2021-11-26 17:06:43', 'legit', 6, ''),
(69, '1126002', 10, '2021-11-26 17:06:48', 'legit', 8, ''),
(70, '1126002', 21, '2021-11-26 17:07:03', 'legit', 4, ''),
(71, '1126002', 9, '2021-11-26 17:07:07', 'legit', 10, ''),
(72, '1126002', 12, '2021-11-26 17:07:17', 'legit', 9, ''),
(73, '1126002', 26, '2021-11-26 17:07:24', 'hoax', 9, ''),
(74, '1126002', 18, '2021-11-26 17:07:27', 'legit', 5, ''),
(75, '1126002', 23, '2021-11-26 17:07:33', 'hoax', 9, ''),
(76, '1126002', 10, '2021-11-26 17:07:37', 'legit', 8, ''),
(77, '1126002', 25, '2021-11-26 17:07:52', 'legit', 6, ''),
(78, '1126002', 22, '2021-11-26 17:07:56', 'legit', 4, ''),
(79, '1126002', 7, '2021-11-26 17:07:59', 'legit', 9, ''),
(80, '1126002', 6, '2021-11-26 17:08:02', 'legit', 7, ''),
(81, '1126002', 21, '2021-11-26 17:08:05', 'hoax', 8, ''),
(82, '1126002', 17, '2021-11-26 17:08:20', 'legit', 8, ''),
(83, '1126002', 2, '2021-11-26 17:08:25', 'legit', 3, ''),
(84, '1126002', 7, '2021-11-26 17:08:29', 'legit', 8, ''),
(85, '1126002', 27, '2021-11-26 17:08:36', 'legit', 2, ''),
(86, '1126002', 16, '2021-11-26 17:08:42', 'legit', 8, ''),
(87, '1126002', 26, '2021-11-26 17:08:47', 'legit', 5, ''),
(88, '1126002', 28, '2021-11-26 17:08:50', 'legit', 4, ''),
(89, '1126002', 8, '2021-11-26 17:08:50', 'legit', 8, ''),
(90, '1126002', 25, '2021-11-26 17:08:54', 'hoax', 9, ''),
(91, '1126002', 20, '2021-11-26 17:08:57', 'legit', 9, ''),
(92, '1126002', 8, '2021-11-26 17:11:05', 'legit', 7, ''),
(93, '1126002', 24, '2021-11-26 17:11:14', 'hoax', 5, ''),
(94, '1126002', 26, '2021-11-26 17:11:20', 'hoax', 9, ''),
(95, '1126002', 21, '2021-11-26 17:11:25', 'hoax', 8, ''),
(96, '1126002', 16, '2021-11-26 17:11:31', 'legit', 9, ''),
(97, '1126002', 29, '2021-11-26 17:11:44', 'hoax', 10, ''),
(98, '1126002', 10, '2021-11-26 17:11:47', 'legit', 7, ''),
(99, '1126002', 23, '2021-11-26 17:11:50', 'hoax', 6, ''),
(100, '1126002', 14, '2021-11-26 17:11:58', 'legit', 9, ''),
(101, '1126002', 2, '2021-11-26 17:12:04', 'legit', 2, ''),
(102, '1127001', 30, '2021-11-26 17:47:43', 'legit', 6, ''),
(103, '1127001', 27, '2021-11-26 17:47:46', 'hoax', 8, ''),
(104, '1127001', 9, '2021-11-26 17:47:51', 'legit', 9, ''),
(105, '1127001', 28, '2021-11-26 17:47:57', 'legit', 6, ''),
(106, '1127001', 20, '2021-11-26 17:48:01', 'legit', 8, ''),
(107, '1127001', 5, '2021-11-26 17:48:08', 'legit', 8, ''),
(108, '1127001', 23, '2021-11-26 17:48:14', 'hoax', 10, ''),
(109, '1127001', 21, '2021-11-26 17:48:18', 'hoax', 8, ''),
(110, '1127001', 24, '2021-11-26 17:48:22', 'hoax', 5, ''),
(111, '1127001', 16, '2021-11-26 17:48:27', 'legit', 10, ''),
(112, '1127001', 12, '2021-11-26 17:50:52', 'legit', 10, ''),
(113, '1127001', 2, '2021-11-26 17:50:59', 'legit', 3, ''),
(114, '1127001', 24, '2021-11-26 17:51:03', 'hoax', 10, ''),
(115, '1127001', 16, '2021-11-26 17:51:09', 'legit', 10, ''),
(116, '1127001', 27, '2021-11-26 17:51:18', 'hoax', 5, ''),
(117, '1127001', 19, '2021-11-26 17:51:23', 'legit', 7, ''),
(118, '1127001', 28, '2021-11-26 17:51:28', 'legit', 4, ''),
(119, '1127001', 22, '2021-11-26 17:51:36', 'legit', 4, ''),
(120, '1127001', 7, '2021-11-26 17:51:45', 'legit', 5, ''),
(121, '1127001', 13, '2021-11-26 17:51:49', 'legit', 6, ''),
(122, '1126002', 12, '2021-11-26 17:54:32', 'legit', 8, ''),
(123, '1126002', 2, '2021-11-26 17:54:41', 'legit', 5, ''),
(124, '1126002', 24, '2021-11-26 17:54:45', 'hoax', 9, ''),
(125, '1126002', 16, '2021-11-26 17:54:48', 'legit', 7, ''),
(126, '1126002', 27, '2021-11-26 17:54:56', 'hoax', 5, ''),
(127, '1126002', 19, '2021-11-26 17:55:01', 'legit', 7, ''),
(128, '1126002', 28, '2021-11-26 17:55:07', 'legit', 3, ''),
(129, '1126002', 22, '2021-11-26 17:55:13', 'hoax', 7, ''),
(130, '1126002', 7, '2021-11-26 17:55:16', 'legit', 10, ''),
(131, '1126002', 13, '2021-11-26 17:55:18', 'legit', 10, ''),
(132, '1127002', 30, '2021-11-26 18:00:38', 'legit', 10, ''),
(133, '1127002', 23, '2021-11-26 18:00:42', 'hoax', 9, ''),
(134, '1127002', 29, '2021-11-26 18:00:54', 'legit', 2, ''),
(135, '1127002', 11, '2021-11-26 18:01:03', 'legit', 9, ''),
(136, '1127002', 26, '2021-11-26 18:01:11', 'hoax', 10, ''),
(137, '1127002', 2, '2021-11-26 18:01:19', 'hoax', 10, ''),
(138, '1127002', 25, '2021-11-26 18:01:29', 'legit', 7, ''),
(139, '1127002', 27, '2021-11-26 18:01:36', 'hoax', 9, ''),
(140, '1127002', 16, '2021-11-26 18:01:41', 'legit', 7, ''),
(141, '1127002', 20, '2021-11-26 18:01:48', 'legit', 8, ''),
(142, '1127002', 13, '2021-11-26 18:02:16', 'legit', 9, ''),
(143, '1127002', 25, '2021-11-26 18:02:23', 'hoax', 5, ''),
(144, '1127002', 12, '2021-11-26 18:02:27', 'legit', 8, ''),
(145, '1127002', 30, '2021-11-26 18:02:32', 'legit', 5, ''),
(146, '1127002', 15, '2021-11-26 18:02:42', 'legit', 5, ''),
(147, '1127002', 27, '2021-11-26 18:02:47', 'hoax', 8, ''),
(148, '1127002', 1, '2021-11-26 18:02:54', 'legit', 7, ''),
(149, '1127002', 21, '2021-11-26 18:03:03', 'hoax', 10, ''),
(150, '1127002', 17, '2021-11-26 18:03:11', 'legit', 5, ''),
(151, '1127002', 23, '2021-11-26 18:03:18', 'hoax', 10, ''),
(152, '1127002', 17, '2021-11-26 18:05:57', 'legit', 9, ''),
(153, '1127002', 14, '2021-11-26 18:06:05', 'legit', 6, ''),
(154, '1127002', 6, '2021-11-26 18:06:15', 'legit', 9, ''),
(155, '1127002', 5, '2021-11-26 18:06:21', 'legit', 7, ''),
(156, '1127002', 15, '2021-11-26 18:06:25', 'legit', 8, ''),
(157, '1127002', 4, '2021-11-26 18:06:35', 'hoax', 5, ''),
(158, '1127002', 23, '2021-11-26 18:06:38', 'hoax', 6, ''),
(159, '1127002', 12, '2021-11-26 18:06:44', 'hoax', 2, ''),
(160, '1127002', 28, '2021-11-26 18:06:52', 'legit', 7, ''),
(161, '1127002', 29, '2021-11-26 18:07:01', 'legit', 2, ''),
(162, '1127002', 2, '2021-11-26 18:07:38', 'hoax', 7, ''),
(163, '1127002', 12, '2021-11-26 18:07:41', 'legit', 10, ''),
(164, '1127002', 14, '2021-11-26 18:07:46', 'legit', 5, ''),
(165, '1127002', 28, '2021-11-26 18:07:50', 'hoax', 6, ''),
(166, '1127002', 8, '2021-11-26 18:07:55', 'legit', 7, ''),
(167, '1127002', 25, '2021-11-26 18:07:59', 'hoax', 7, ''),
(168, '1127002', 5, '2021-11-26 18:08:04', 'legit', 10, ''),
(169, '1127002', 23, '2021-11-26 18:08:07', 'hoax', 7, ''),
(170, '1127002', 4, '2021-11-26 18:08:14', 'hoax', 3, ''),
(171, '1127002', 22, '2021-11-26 18:08:20', 'hoax', 9, ''),
(172, '1127003', 2, '2021-11-27 10:44:50', 'hoax', 10, ''),
(173, '1127003', 30, '2021-11-27 10:45:02', 'legit', 8, ''),
(174, '1127003', 27, '2021-11-27 10:45:11', 'hoax', 10, ''),
(175, '1127003', 14, '2021-11-27 10:45:26', 'legit', 7, ''),
(176, '1127003', 23, '2021-11-27 10:45:47', 'hoax', 10, ''),
(177, '1127003', 6, '2021-11-27 10:45:55', 'legit', 9, ''),
(178, '1127003', 19, '2021-11-27 10:46:04', 'legit', 9, ''),
(179, '1127003', 16, '2021-11-27 10:46:12', 'legit', 9, ''),
(180, '1127003', 12, '2021-11-27 10:46:23', 'legit', 9, ''),
(181, '1127003', 1, '2021-11-27 10:46:31', 'legit', 7, ''),
(182, '1127003', 2, '2021-11-27 10:48:16', 'legit', 3, ''),
(183, '1127003', 19, '2021-11-27 10:48:21', 'legit', 8, ''),
(184, '1127003', 10, '2021-11-27 10:48:25', 'legit', 5, ''),
(185, '1127003', 27, '2021-11-27 10:48:32', 'hoax', 8, ''),
(186, '1127003', 23, '2021-11-27 10:48:45', 'hoax', 8, ''),
(187, '1127003', 30, '2021-11-27 10:48:52', 'legit', 6, ''),
(188, '1127003', 11, '2021-11-27 10:49:01', 'legit', 6, ''),
(189, '1127003', 13, '2021-11-27 10:49:09', 'legit', 10, ''),
(190, '1127003', 6, '2021-11-27 10:49:20', 'legit', 10, ''),
(191, '1127003', 26, '2021-11-27 10:49:31', 'hoax', 9, ''),
(192, '1127004', 3, '2021-11-27 15:34:34', 'hoax', 4, ''),
(193, '1127004', 25, '2021-11-27 15:34:50', 'legit', 3, ''),
(194, '1127004', 31, '2021-11-27 15:35:48', 'legit', 3, 'karena masuk akal'),
(195, '1127004', 9, '2021-11-27 15:36:08', 'legit', 5, ''),
(196, '1127004', 13, '2021-11-27 15:36:17', 'legit', 7, ''),
(197, '1127004', 29, '2021-11-27 15:36:24', 'legit', 7, ''),
(198, '1127004', 20, '2021-11-27 15:36:38', 'legit', 8, ''),
(199, '1127004', 1, '2021-11-27 15:36:46', 'legit', 6, ''),
(200, '1127004', 30, '2021-11-27 15:36:53', 'hoax', 7, ''),
(201, '1127004', 10, '2021-11-27 15:37:01', 'legit', 8, ''),
(202, '1127004', 26, '2021-11-27 15:38:11', 'hoax', 10, ''),
(203, '1127004', 2, '2021-11-27 15:38:15', 'legit', 2, ''),
(204, '1127004', 6, '2021-11-27 15:38:23', 'hoax', 7, ''),
(205, '1127004', 12, '2021-11-27 15:38:29', 'legit', 5, ''),
(206, '1127004', 27, '2021-11-27 15:38:34', 'legit', 5, ''),
(207, '1127004', 22, '2021-11-27 15:38:38', 'legit', 4, ''),
(208, '1127004', 24, '2021-11-27 15:38:41', 'legit', 6, ''),
(209, '1127004', 29, '2021-11-27 15:38:46', 'legit', 2, ''),
(210, '1127004', 19, '2021-11-27 15:38:49', 'legit', 10, ''),
(211, '1127004', 10, '2021-11-27 15:38:54', 'legit', 10, ''),
(212, '1127004', 6, '2021-11-27 15:39:05', 'hoax', 4, ''),
(213, '1127004', 15, '2021-11-27 15:39:09', 'legit', 6, ''),
(214, '1127004', 11, '2021-11-27 15:39:13', 'legit', 8, ''),
(215, '1127004', 22, '2021-11-27 15:39:17', 'hoax', 9, ''),
(216, '1127004', 4, '2021-11-27 15:39:18', 'hoax', 5, ''),
(217, '1127004', 27, '2021-11-27 15:39:21', 'hoax', 5, ''),
(218, '1127004', 20, '2021-11-27 15:39:26', 'legit', 8, ''),
(219, '1127004', 2, '2021-11-27 15:39:29', 'legit', 6, ''),
(220, '1127004', 25, '2021-11-27 15:39:32', 'hoax', 7, ''),
(221, '1127004', 9, '2021-11-27 15:39:37', 'hoax', 5, ''),
(222, '1127004', 4, '2021-11-27 15:39:50', 'legit', 8, ''),
(223, '1127004', 3, '2021-11-27 15:39:54', 'legit', 5, ''),
(224, '1127004', 8, '2021-11-27 15:39:59', 'hoax', 4, ''),
(225, '1127004', 9, '2021-11-27 15:40:04', 'legit', 10, ''),
(226, '1127004', 23, '2021-11-27 15:40:11', 'legit', 4, ''),
(227, '1127004', 15, '2021-11-27 15:40:15', 'legit', 7, ''),
(228, '1127004', 22, '2021-11-27 15:40:18', 'hoax', 9, ''),
(229, '1127004', 24, '2021-11-27 15:40:22', 'hoax', 7, ''),
(230, '1127004', 27, '2021-11-27 15:40:25', 'hoax', 9, ''),
(231, '1127004', 1, '2021-11-27 15:40:28', 'legit', 8, ''),
(232, '1127004', 19, '2021-11-27 15:41:23', 'legit', 6, ''),
(233, '1127004', 25, '2021-11-27 15:41:26', 'hoax', 7, ''),
(234, '1127004', 15, '2021-11-27 15:41:30', 'legit', 8, ''),
(235, '1127004', 4, '2021-11-27 15:41:34', 'legit', 6, ''),
(236, '1127004', 6, '2021-11-27 15:41:38', 'hoax', 5, ''),
(237, '1127004', 2, '2021-11-27 15:41:41', 'legit', 6, ''),
(238, '1127004', 7, '2021-11-27 15:41:44', 'legit', 5, ''),
(239, '1127004', 14, '2021-11-27 15:41:47', 'legit', 6, ''),
(240, '1127004', 27, '2021-11-27 15:41:50', 'hoax', 10, ''),
(241, '1127004', 18, '2021-11-27 15:41:53', 'legit', 2, ''),
(242, '1127004', 28, '2021-11-27 15:41:58', 'legit', 7, ''),
(243, '1127004', 21, '2021-11-27 15:42:02', 'legit', 5, ''),
(244, '1127004', 13, '2021-11-27 15:42:05', 'legit', 10, ''),
(245, '1127004', 31, '2021-11-27 15:42:16', 'legit', 2, 'bacod'),
(246, '1127004', 5, '2021-11-27 15:42:21', 'hoax', 6, ''),
(247, '1127004', 17, '2021-11-27 15:42:25', 'legit', 5, ''),
(248, '1127004', 20, '2021-11-27 15:42:28', 'legit', 5, ''),
(249, '1127004', 22, '2021-11-27 15:42:31', 'hoax', 5, ''),
(250, '1127004', 24, '2021-11-27 15:42:34', 'hoax', 7, ''),
(251, '1127004', 30, '2021-11-27 15:42:41', 'hoax', 3, ''),
(252, '1127004', 12, '2021-11-27 15:42:44', 'legit', 7, ''),
(253, '1127004', 23, '2021-11-27 15:42:49', 'hoax', 6, ''),
(254, '1127004', 26, '2021-11-27 15:42:54', 'hoax', 9, ''),
(255, '1127004', 10, '2021-11-27 15:42:57', 'legit', 5, ''),
(256, '1127004', 3, '2021-11-27 15:43:01', 'hoax', 7, ''),
(257, '1127004', 1, '2021-11-27 15:43:04', 'legit', 6, ''),
(258, '1127004', 16, '2021-11-27 15:43:08', 'hoax', 6, ''),
(259, '1127004', 9, '2021-11-27 15:43:12', 'legit', 10, ''),
(260, '1127004', 8, '2021-11-27 15:43:17', 'legit', 6, ''),
(261, '1127004', 29, '2021-11-27 15:43:21', 'hoax', 9, ''),
(262, '1127004', 11, '2021-11-27 15:43:24', 'legit', 5, ''),
(263, '1127004', 24, '2021-11-27 15:44:10', 'hoax', 9, ''),
(264, '1127004', 13, '2021-11-27 15:44:13', 'legit', 5, ''),
(265, '1127004', 21, '2021-11-27 15:44:17', 'hoax', 10, ''),
(266, '1127004', 7, '2021-11-27 15:44:22', 'legit', 10, ''),
(267, '1127004', 10, '2021-11-27 15:44:24', 'legit', 5, ''),
(268, '1127004', 27, '2021-11-27 15:44:27', 'hoax', 7, ''),
(269, '1127004', 1, '2021-11-27 15:44:30', 'legit', 5, ''),
(270, '1127004', 12, '2021-11-27 15:44:34', 'legit', 9, ''),
(271, '1127004', 9, '2021-11-27 15:44:36', 'legit', 8, ''),
(272, '1127004', 26, '2021-11-27 15:44:39', 'hoax', 7, ''),
(273, '1127004', 25, '2021-11-27 15:44:49', 'hoax', 5, ''),
(274, '1127004', 20, '2021-11-27 15:44:52', 'legit', 7, ''),
(275, '1127004', 15, '2021-11-27 15:44:55', 'legit', 6, ''),
(276, '1127004', 2, '2021-11-27 15:44:58', 'legit', 4, ''),
(277, '1127004', 28, '2021-11-27 15:45:02', 'legit', 6, ''),
(278, '1127004', 26, '2021-11-27 15:45:05', 'hoax', 8, ''),
(279, '1127004', 13, '2021-11-27 15:45:08', 'legit', 6, ''),
(280, '1127004', 31, '2021-11-27 15:45:22', 'legit', 1, 'gampang '),
(281, '1127004', 12, '2021-11-27 15:45:25', 'legit', 7, ''),
(282, '1127004', 9, '2021-11-27 15:45:27', 'legit', 8, ''),
(283, '1127004', 16, '2021-11-27 15:45:34', 'hoax', 6, ''),
(284, '1127004', 2, '2021-11-27 15:46:06', 'legit', 7, ''),
(285, '1127004', 4, '2021-11-27 15:46:24', 'legit', 9, ''),
(286, '1127004', 24, '2021-11-27 15:46:27', 'hoax', 7, ''),
(287, '1127004', 8, '2021-11-27 15:46:30', 'legit', 5, ''),
(288, '1127004', 9, '2021-11-27 15:46:32', 'legit', 9, ''),
(289, '1127004', 19, '2021-11-27 15:46:35', 'legit', 9, ''),
(290, '1127004', 18, '2021-11-27 15:46:38', 'legit', 6, ''),
(291, '1127004', 31, '2021-11-27 15:46:48', 'legit', 2, 'anjay'),
(292, '1127004', 20, '2021-11-27 15:46:51', 'legit', 9, ''),
(293, '1127004', 15, '2021-11-27 15:46:53', 'legit', 7, ''),
(294, '1127004', 16, '2021-11-27 15:46:56', 'hoax', 2, ''),
(295, '1127004', 7, '2021-11-27 15:47:02', 'legit', 5, ''),
(296, '1127004', 9, '2021-11-27 15:47:04', 'legit', 5, ''),
(297, '1127004', 30, '2021-11-27 15:47:07', 'hoax', 3, ''),
(298, '1127004', 13, '2021-11-27 15:47:10', 'legit', 5, ''),
(299, '1127004', 12, '2021-11-27 15:47:13', 'legit', 5, ''),
(300, '1127004', 14, '2021-11-27 15:47:17', 'legit', 8, ''),
(301, '1127004', 18, '2021-11-27 15:47:19', 'legit', 5, ''),
(302, '1127004', 25, '2021-11-27 15:47:22', 'hoax', 10, ''),
(303, '1127004', 22, '2021-11-27 15:47:25', 'hoax', 5, ''),
(304, '1127004', 1, '2021-11-27 15:47:28', 'legit', 6, ''),
(305, '1127004', 31, '2021-11-27 15:47:42', 'legit', 4, 'manehhh?'),
(306, '1127004', 27, '2021-11-27 15:47:45', 'hoax', 10, ''),
(307, '1127004', 21, '2021-11-27 15:47:50', 'hoax', 6, ''),
(308, '1127004', 7, '2021-11-27 15:47:52', 'legit', 6, ''),
(309, '1127004', 20, '2021-11-27 15:47:55', 'legit', 8, ''),
(310, '1127004', 24, '2021-11-27 15:47:58', 'hoax', 10, ''),
(311, '1127004', 9, '2021-11-27 15:48:01', 'legit', 10, ''),
(312, '1127004', 18, '2021-11-27 15:48:05', 'hoax', 10, ''),
(313, '1127004', 17, '2021-11-27 15:48:10', 'legit', 5, ''),
(314, '1127004', 3, '2021-11-27 15:48:14', 'hoax', 3, ''),
(315, '1127004', 29, '2021-11-27 15:54:50', 'hoax', 7, ''),
(316, '1127004', 31, '2021-11-27 15:54:59', 'legit', 2, 'capek '),
(317, '1127004', 12, '2021-11-27 15:55:02', 'legit', 9, ''),
(318, '1127004', 17, '2021-11-27 15:55:06', 'legit', 8, ''),
(319, '1127004', 9, '2021-11-27 15:55:08', 'legit', 7, ''),
(320, '1127004', 28, '2021-11-27 15:55:11', 'hoax', 9, ''),
(321, '1127004', 26, '2021-11-27 15:55:14', 'hoax', 7, ''),
(322, '1127004', 10, '2021-11-27 15:55:17', 'legit', 10, ''),
(323, '1127004', 22, '2021-11-27 15:55:20', 'hoax', 8, ''),
(324, '1127004', 24, '2021-11-27 15:55:22', 'hoax', 9, ''),
(325, '1127004', 15, '2021-11-27 15:55:30', 'legit', 6, ''),
(326, '1127004', 24, '2021-11-27 15:55:33', 'hoax', 5, ''),
(327, '1127004', 23, '2021-11-27 15:55:38', 'hoax', 5, ''),
(328, '1127004', 22, '2021-11-27 15:55:41', 'hoax', 6, ''),
(329, '1127004', 10, '2021-11-27 15:55:43', 'legit', 8, ''),
(330, '1127004', 21, '2021-11-27 15:55:46', 'hoax', 5, ''),
(331, '1127004', 2, '2021-11-27 15:55:49', 'legit', 2, ''),
(332, '1127004', 28, '2021-11-27 15:55:51', 'hoax', 10, ''),
(333, '1127004', 20, '2021-11-27 15:55:54', 'legit', 9, ''),
(334, '1127004', 19, '2021-11-27 15:55:57', 'legit', 10, ''),
(335, '1127004', 26, '2021-11-27 15:56:02', 'hoax', 8, ''),
(336, '1127004', 11, '2021-11-27 15:56:05', 'legit', 9, ''),
(337, '1127004', 15, '2021-11-27 15:56:09', 'legit', 8, ''),
(338, '1127004', 20, '2021-11-27 15:56:11', 'legit', 5, ''),
(339, '1127004', 8, '2021-11-27 15:56:14', 'legit', 10, ''),
(340, '1127004', 25, '2021-11-27 15:56:17', 'hoax', 7, ''),
(341, '1127004', 6, '2021-11-27 15:56:22', 'legit', 9, ''),
(342, '1127004', 1, '2021-11-27 15:56:25', 'legit', 5, ''),
(343, '1127004', 27, '2021-11-27 15:56:27', 'hoax', 9, ''),
(344, '1127004', 14, '2021-11-27 15:56:31', 'legit', 7, ''),
(345, '1127004', 9, '2021-11-27 15:56:37', 'legit', 5, ''),
(346, '1127004', 8, '2021-11-27 15:56:41', 'legit', 9, ''),
(347, '1127004', 7, '2021-11-27 15:56:44', 'legit', 5, ''),
(348, '1127004', 29, '2021-11-27 15:56:47', 'hoax', 8, ''),
(349, '1127004', 12, '2021-11-27 15:56:49', 'legit', 9, ''),
(350, '1127004', 2, '2021-11-27 15:56:53', 'legit', 7, ''),
(351, '1127004', 14, '2021-11-27 15:56:55', 'legit', 9, ''),
(352, '1127004', 30, '2021-11-27 15:56:58', 'hoax', 3, ''),
(353, '1127004', 19, '2021-11-27 15:57:01', 'legit', 9, ''),
(354, '1127004', 31, '2021-11-27 15:57:11', 'legit', 4, 'woe'),
(355, '1127004', 30, '2021-11-27 15:57:16', 'hoax', 3, ''),
(356, '1127004', 2, '2021-11-27 15:57:21', 'legit', 7, ''),
(357, '1127004', 18, '2021-11-27 15:57:25', 'legit', 6, ''),
(358, '1127004', 12, '2021-11-27 15:57:30', 'legit', 6, ''),
(359, '1127004', 28, '2021-11-27 15:57:35', 'hoax', 9, ''),
(360, '1127004', 1, '2021-11-27 15:57:38', 'legit', 9, ''),
(361, '1127004', 17, '2021-11-27 15:57:41', 'legit', 6, ''),
(362, '1127004', 29, '2021-11-27 15:57:44', 'hoax', 9, ''),
(363, '1127004', 24, '2021-11-27 15:57:48', 'hoax', 5, ''),
(364, '1127004', 16, '2021-11-27 15:57:51', 'hoax', 3, ''),
(365, '1127004', 13, '2021-11-27 15:57:57', 'legit', 7, ''),
(366, '1127004', 22, '2021-11-27 15:57:59', 'hoax', 7, ''),
(367, '1127004', 20, '2021-11-27 15:58:02', 'legit', 6, ''),
(368, '1127004', 17, '2021-11-27 15:58:05', 'legit', 9, ''),
(369, '1127004', 16, '2021-11-27 15:58:07', 'hoax', 2, ''),
(370, '1127004', 18, '2021-11-27 15:58:12', 'hoax', 9, ''),
(371, '1127004', 29, '2021-11-27 15:58:15', 'hoax', 9, ''),
(372, '1127004', 32, '2021-11-27 15:58:31', 'legit', 4, 'karena domain bangsad'),
(373, '1127004', 25, '2021-11-27 15:58:34', 'hoax', 7, ''),
(374, '1127004', 26, '2021-11-27 15:58:37', 'hoax', 8, ''),
(375, '1127004', 27, '2021-11-27 15:58:44', 'hoax', 6, ''),
(376, '1127004', 28, '2021-11-27 15:58:47', 'hoax', 5, ''),
(377, '1127004', 14, '2021-11-27 15:58:49', 'legit', 5, ''),
(378, '1127004', 17, '2021-11-27 15:58:52', 'legit', 5, ''),
(379, '1127004', 23, '2021-11-27 15:58:55', 'hoax', 10, ''),
(380, '1127004', 24, '2021-11-27 15:58:58', 'hoax', 7, ''),
(381, '1127004', 16, '2021-11-27 15:59:02', 'legit', 9, ''),
(382, '1127004', 6, '2021-11-27 15:59:06', 'legit', 5, ''),
(383, '1127004', 20, '2021-11-27 15:59:09', 'legit', 9, ''),
(384, '1127004', 8, '2021-11-27 15:59:11', 'legit', 6, ''),
(385, '1127004', 30, '2021-11-27 15:59:18', 'legit', 8, ''),
(386, '1127004', 29, '2021-11-27 15:59:21', 'hoax', 7, ''),
(387, '1127004', 27, '2021-11-27 15:59:23', 'hoax', 5, ''),
(388, '1127004', 6, '2021-11-27 15:59:25', 'legit', 9, ''),
(389, '1127004', 12, '2021-11-27 15:59:28', 'legit', 10, ''),
(390, '1127004', 20, '2021-11-27 15:59:31', 'legit', 8, ''),
(391, '1127004', 21, '2021-11-27 15:59:33', 'hoax', 6, ''),
(392, '1127004', 25, '2021-11-27 15:59:36', 'hoax', 7, ''),
(393, '1127004', 16, '2021-11-27 15:59:39', 'legit', 10, ''),
(394, '1127004', 1, '2021-11-27 15:59:41', 'legit', 5, ''),
(395, '1127004', 12, '2021-11-27 15:59:47', 'legit', 6, ''),
(396, '1127004', 3, '2021-11-27 15:59:52', 'legit', 6, ''),
(397, '1127004', 28, '2021-11-27 15:59:55', 'hoax', 5, ''),
(398, '1127004', 18, '2021-11-27 15:59:58', 'hoax', 6, ''),
(399, '1127004', 9, '2021-11-27 16:00:02', 'legit', 8, ''),
(400, '1127004', 10, '2021-11-27 16:00:05', 'legit', 5, ''),
(401, '1127004', 5, '2021-11-27 16:00:09', 'legit', 7, ''),
(402, '1127004', 30, '2021-11-27 16:00:13', 'legit', 9, ''),
(403, '1127004', 16, '2021-11-27 16:00:15', 'legit', 9, ''),
(404, '1127004', 31, '2021-11-27 16:00:23', 'legit', 1, 'ez'),
(405, '1126002', 33, '2021-11-27 20:00:25', 'legit', 7, 'Karena sumber berita terlihat asli'),
(406, '1234567', 2, '2021-11-27 20:40:45', 'legit', 5, ''),
(407, '1234567', 19, '2021-11-27 20:40:51', 'legit', 9, ''),
(408, '1234567', 10, '2021-11-27 20:40:54', 'legit', 9, ''),
(409, '1234567', 27, '2021-11-27 20:40:58', 'hoax', 9, ''),
(410, '1234567', 23, '2021-11-27 20:41:00', 'hoax', 5, ''),
(411, '1234567', 30, '2021-11-27 20:41:02', 'legit', 7, ''),
(412, '1234567', 11, '2021-11-27 20:41:04', 'legit', 7, ''),
(413, '1234567', 13, '2021-11-27 20:41:07', 'hoax', 3, ''),
(414, '1234567', 6, '2021-11-27 20:41:11', 'legit', 10, ''),
(415, '1234567', 26, '2021-11-27 20:41:13', 'hoax', 7, ''),
(416, '1234567', 6, '2021-11-28 04:30:32', 'legit', 5, ''),
(417, '1128001', 20, '2021-11-28 13:09:39', 'legit', 9, ''),
(418, '1128001', 18, '2021-11-28 13:10:44', 'legit', 2, ''),
(419, '1128001', 33, '2021-11-28 13:11:13', 'hoax', 1, 'Bcs i drink cleo'),
(420, '1128001', 27, '2021-11-28 13:11:51', 'hoax', 8, ''),
(421, '1128001', 32, '2021-11-28 13:12:12', 'legit', 4, 'SAYA MENGALAMINYA TESTIMONI'),
(422, '1128001', 5, '2021-11-28 13:12:26', 'legit', 6, ''),
(423, '1128001', 1, '2021-11-28 13:14:59', 'legit', 8, ''),
(424, '1128001', 22, '2021-11-28 13:15:11', 'legit', 10, ''),
(425, '1128001', 12, '2021-11-28 13:15:46', 'legit', 6, ''),
(426, '1128001', 25, '2021-11-28 13:16:00', 'legit', 10, ''),
(427, '1128001', 16, '2021-11-28 13:17:59', 'legit', 8, ''),
(428, '1128001', 7, '2021-11-28 13:18:17', 'legit', 6, ''),
(429, '1128001', 15, '2021-11-28 13:18:33', 'legit', 7, ''),
(430, '1128001', 9, '2021-11-28 13:18:43', 'legit', 6, ''),
(431, '1128001', 18, '2021-11-28 13:18:54', 'legit', 5, ''),
(432, '1128001', 25, '2021-11-28 13:19:00', 'legit', 7, ''),
(433, '1128001', 31, '2021-11-28 13:19:19', 'legit', 3, 'Ga profesional'),
(434, '1128001', 22, '2021-11-28 13:19:26', 'legit', 5, ''),
(435, '1128001', 11, '2021-11-28 13:19:36', 'legit', 9, ''),
(436, '1128001', 19, '2021-11-28 13:19:45', 'legit', 9, ''),
(437, '1127004', 16, '2021-11-28 13:31:20', 'legit', 9, ''),
(438, '1127004', 7, '2021-11-28 13:31:23', 'legit', 10, ''),
(439, '1127004', 15, '2021-11-28 13:31:25', 'legit', 6, ''),
(440, '1127004', 9, '2021-11-28 13:31:29', 'legit', 8, ''),
(441, '1127004', 18, '2021-11-28 13:31:33', 'hoax', 9, ''),
(442, '1127004', 25, '2021-11-28 13:31:34', 'hoax', 6, ''),
(443, '1127004', 31, '2021-11-28 13:31:44', 'legit', 2, 'taek'),
(444, '1127004', 22, '2021-11-28 13:31:48', 'hoax', 5, ''),
(445, '1127004', 11, '2021-11-28 13:31:54', 'legit', 6, ''),
(446, '1127004', 19, '2021-11-28 13:31:57', 'legit', 9, ''),
(447, '1127004', 34, '2021-11-28 13:33:23', 'hoax', 4, 'putra taek'),
(448, '1127004', 3, '2021-11-28 13:33:30', 'legit', 8, ''),
(449, '1127004', 5, '2021-11-28 13:33:37', 'legit', 5, ''),
(450, '1127004', 15, '2021-11-28 13:33:40', 'legit', 6, ''),
(451, '1127004', 23, '2021-11-28 13:33:44', 'hoax', 8, ''),
(452, '1127004', 22, '2021-11-28 13:33:44', 'hoax', 8, ''),
(453, '1127004', 26, '2021-11-28 13:33:49', 'hoax', 8, ''),
(454, '1127004', 18, '2021-11-28 13:33:52', 'hoax', 7, ''),
(455, '1127004', 32, '2021-11-28 13:34:00', 'legit', 1, 'ez'),
(456, '1127004', 25, '2021-11-28 13:34:05', 'hoax', 7, ''),
(457, '1127004', 17, '2021-11-28 13:34:15', 'legit', 10, ''),
(458, '1127004', 34, '2021-11-28 13:34:24', 'legit', 4, 'karep e putra'),
(459, '1127004', 27, '2021-11-28 13:34:28', 'hoax', 9, ''),
(460, '1127004', 25, '2021-11-28 13:34:30', 'hoax', 9, ''),
(461, '1127004', 15, '2021-11-28 13:34:33', 'legit', 6, ''),
(462, '1127004', 10, '2021-11-28 13:34:38', 'legit', 9, ''),
(463, '1127004', 33, '2021-11-28 13:34:47', 'legit', 4, 'sak ser e'),
(464, '1127004', 4, '2021-11-28 13:34:57', 'legit', 6, ''),
(465, '1127004', 14, '2021-11-28 13:35:01', 'legit', 8, ''),
(466, '1127004', 11, '2021-11-28 13:35:04', 'legit', 5, ''),
(467, '1127004', 20, '2021-11-28 13:35:11', 'legit', 8, ''),
(468, '1127004', 30, '2021-11-28 13:35:14', 'hoax', 6, ''),
(469, '1127004', 14, '2021-11-28 13:35:17', 'legit', 10, ''),
(470, '1127004', 15, '2021-11-28 13:35:19', 'legit', 9, ''),
(471, '1127004', 17, '2021-11-28 13:35:22', 'legit', 5, ''),
(472, '1127004', 13, '2021-11-28 13:35:24', 'legit', 8, ''),
(473, '1127004', 16, '2021-11-28 13:35:27', 'legit', 8, ''),
(474, '1127004', 34, '2021-11-28 13:35:32', 'legit', 4, 'y'),
(475, '1127004', 1, '2021-11-28 13:35:35', 'legit', 8, ''),
(476, '1127004', 4, '2021-11-28 13:35:39', 'legit', 9, ''),
(477, '1127004', 27, '2021-11-28 13:35:44', 'hoax', 8, ''),
(478, '1127004', 2, '2021-11-28 13:35:47', 'legit', 7, ''),
(479, '1127004', 5, '2021-11-28 13:35:51', 'legit', 9, ''),
(480, '1127004', 20, '2021-11-28 13:35:54', 'legit', 5, ''),
(481, '1127004', 31, '2021-11-28 13:36:01', 'legit', 1, 'y'),
(482, '1127004', 13, '2021-11-28 13:36:03', 'legit', 6, ''),
(483, '1127004', 34, '2021-11-28 13:36:09', 'legit', 2, 't'),
(484, '1127004', 26, '2021-11-28 13:36:12', 'hoax', 7, ''),
(485, '1127004', 4, '2021-11-28 13:36:14', 'legit', 6, ''),
(486, '1127004', 15, '2021-11-28 13:36:17', 'legit', 10, ''),
(487, '1127004', 33, '2021-11-28 13:36:25', 'legit', 3, 'y'),
(488, '1127004', 10, '2021-11-28 13:36:28', 'legit', 10, ''),
(489, '1127004', 3, '2021-11-28 13:36:30', 'legit', 5, ''),
(490, '1127004', 29, '2021-11-28 13:36:34', 'hoax', 10, ''),
(491, '1127004', 25, '2021-11-28 13:36:37', 'hoax', 8, ''),
(492, '1127004', 19, '2021-11-28 13:36:43', 'legit', 7, ''),
(493, '1127004', 15, '2021-11-28 13:36:45', 'legit', 8, ''),
(494, '1127004', 31, '2021-11-28 13:36:52', 'legit', 4, 'y'),
(495, '1127004', 17, '2021-11-28 13:36:55', 'legit', 10, ''),
(496, '1127004', 12, '2021-11-28 13:36:59', 'legit', 10, ''),
(497, '1127004', 18, '2021-11-28 13:37:06', 'hoax', 9, ''),
(498, '1127004', 2, '2021-11-28 13:37:12', 'hoax', 7, ''),
(499, '1127004', 8, '2021-11-28 13:37:15', 'legit', 6, ''),
(500, '1127004', 24, '2021-11-28 13:37:19', 'hoax', 8, ''),
(501, '1127004', 27, '2021-11-28 13:37:21', 'hoax', 9, ''),
(502, '1127004', 30, '2021-11-28 13:37:24', 'hoax', 4, ''),
(503, '1127004', 19, '2021-11-28 13:37:28', 'legit', 10, ''),
(504, '1127004', 12, '2021-11-28 13:37:32', 'legit', 6, ''),
(505, '1127004', 10, '2021-11-28 13:37:34', 'legit', 7, ''),
(506, '1127004', 32, '2021-11-28 13:37:41', 'legit', 1, 'y'),
(507, '1206001', 4, '2021-12-06 10:06:54', 'hoax', 5, ''),
(508, '1206001', 22, '2021-12-06 10:06:59', 'hoax', 6, ''),
(509, '1206001', 24, '2021-12-06 10:07:03', 'legit', 3, ''),
(510, '1206001', 1, '2021-12-06 10:07:07', 'hoax', 2, ''),
(511, '1206001', 15, '2021-12-06 10:07:09', 'legit', 10, ''),
(512, '1206001', 17, '2021-12-06 10:07:13', 'hoax', 6, ''),
(513, '1206001', 18, '2021-12-06 10:07:16', 'legit', 7, ''),
(514, '1206001', 26, '2021-12-06 10:07:18', 'legit', 6, ''),
(515, '1206001', 20, '2021-12-06 10:07:21', 'hoax', 3, ''),
(516, '1206001', 16, '2021-12-06 10:07:23', 'legit', 8, ''),
(517, '1206001', 7, '2021-12-06 10:07:30', 'legit', 7, ''),
(518, '1206001', 31, '2021-12-06 10:07:39', 'legit', 2, 'ashiap'),
(519, '1206001', 24, '2021-12-06 10:07:42', 'hoax', 8, ''),
(520, '1206001', 8, '2021-12-06 10:07:47', 'legit', 7, ''),
(521, '1206001', 32, '2021-12-06 10:07:58', 'legit', 2, 'mati terus anjay'),
(522, '1206001', 27, '2021-12-06 10:08:01', 'hoax', 9, ''),
(523, '1206001', 26, '2021-12-06 10:08:06', 'legit', 5, ''),
(524, '1206001', 11, '2021-12-06 10:08:09', 'legit', 10, ''),
(525, '1206001', 25, '2021-12-06 10:08:13', 'legit', 6, ''),
(526, '1206001', 10, '2021-12-06 10:08:16', 'hoax', 7, ''),
(527, '1206002', 2, '2021-12-06 10:11:59', 'legit', 5, ''),
(528, '1206002', 25, '2021-12-06 10:12:02', 'legit', 2, ''),
(529, '1206002', 23, '2021-12-06 10:12:03', 'hoax', 5, ''),
(530, '1206002', 32, '2021-12-06 10:12:12', 'legit', 3, 'hard bro'),
(531, '1206002', 1, '2021-12-06 10:12:15', 'legit', 10, ''),
(532, '1206002', 31, '2021-12-06 10:12:27', 'legit', 1, 'anjas'),
(533, '1206002', 33, '2021-12-06 10:12:36', 'legit', 4, 'emang anjay'),
(534, '1206002', 27, '2021-12-06 10:12:39', 'hoax', 5, ''),
(535, '1206002', 6, '2021-12-06 10:12:40', 'legit', 5, ''),
(536, '1206002', 21, '2021-12-06 10:12:42', 'hoax', 8, ''),
(537, '1206002', 24, '2021-12-06 10:12:49', 'hoax', 7, ''),
(538, '1206002', 30, '2021-12-06 10:12:52', 'legit', 10, ''),
(539, '1206002', 31, '2021-12-06 10:12:58', 'hoax', 4, 'anjas'),
(540, '1206002', 13, '2021-12-06 10:12:59', 'legit', 7, ''),
(541, '1206002', 17, '2021-12-06 10:13:01', 'hoax', 4, ''),
(542, '1206002', 29, '2021-12-06 10:13:02', 'legit', 4, ''),
(543, '1206002', 26, '2021-12-06 10:13:03', 'hoax', 5, ''),
(544, '1206002', 11, '2021-12-06 10:13:05', 'legit', 9, ''),
(545, '1206002', 28, '2021-12-06 10:13:07', 'hoax', 10, ''),
(546, '1206002', 32, '2021-12-06 10:13:13', 'hoax', 1, 'anjas'),
(547, '1206003', 25, '2021-12-06 10:15:17', 'hoax', 5, ''),
(548, '1206003', 5, '2021-12-06 10:15:18', 'legit', 5, ''),
(549, '1206003', 8, '2021-12-06 10:15:20', 'hoax', 4, ''),
(550, '1206003', 20, '2021-12-06 10:15:20', 'hoax', 3, ''),
(551, '1206003', 7, '2021-12-06 10:15:21', 'hoax', 2, ''),
(552, '1206003', 14, '2021-12-06 10:15:23', 'legit', 9, ''),
(553, '1206003', 6, '2021-12-06 10:15:24', 'hoax', 3, ''),
(554, '1206003', 3, '2021-12-06 10:15:26', 'legit', 5, ''),
(555, '1206003', 19, '2021-12-06 10:15:27', 'legit', 5, ''),
(556, '1206003', 32, '2021-12-06 10:15:29', 'legit', 1, ''),
(557, '1206003', 25, '2021-12-06 10:15:35', 'legit', 6, ''),
(558, '1206003', 5, '2021-12-06 10:15:35', 'hoax', 2, ''),
(559, '1206003', 22, '2021-12-06 10:15:36', 'hoax', 9, ''),
(560, '1206003', 32, '2021-12-06 10:15:38', 'legit', 4, ''),
(561, '1206003', 26, '2021-12-06 10:15:39', 'hoax', 10, ''),
(562, '1206003', 23, '2021-12-06 10:15:39', 'legit', 4, ''),
(563, '1206003', 23, '2021-12-06 10:15:39', 'legit', 4, ''),
(564, '1206003', 7, '2021-12-06 10:15:40', 'hoax', 6, ''),
(565, '1206003', 9, '2021-12-06 10:15:41', 'hoax', 7, ''),
(566, '1206003', 14, '2021-12-06 10:15:41', 'hoax', 6, ''),
(567, '1206003', 25, '2021-12-06 10:15:47', 'legit', 4, ''),
(568, '1206003', 10, '2021-12-06 10:15:47', 'legit', 9, ''),
(569, '1206003', 12, '2021-12-06 10:15:48', 'legit', 6, ''),
(570, '1206003', 6, '2021-12-06 10:15:48', 'legit', 8, ''),
(571, '1206003', 2, '2021-12-06 10:15:48', 'legit', 7, ''),
(572, '1206003', 30, '2021-12-06 10:15:49', 'legit', 9, ''),
(573, '1206003', 28, '2021-12-06 10:15:49', 'legit', 2, ''),
(574, '1206003', 33, '2021-12-06 10:15:54', 'legit', 2, 'aa'),
(575, '1206003', 8, '2021-12-06 10:15:57', 'hoax', 7, ''),
(576, '1206003', 24, '2021-12-06 10:15:59', 'legit', 4, ''),
(577, '1206003', 24, '2021-12-06 10:16:04', 'hoax', 8, ''),
(578, '1206003', 7, '2021-12-06 10:16:06', 'hoax', 6, ''),
(579, '1206003', 20, '2021-12-06 10:16:07', 'legit', 7, ''),
(580, '1206003', 15, '2021-12-06 10:16:10', 'hoax', 6, ''),
(581, '1206003', 18, '2021-12-06 10:16:11', 'legit', 3, ''),
(582, '1206003', 27, '2021-12-06 10:16:14', 'hoax', 6, ''),
(583, '1206003', 30, '2021-12-06 10:16:18', 'hoax', 7, ''),
(584, '1206003', 10, '2021-12-06 10:16:22', 'legit', 9, ''),
(585, '1206003', 21, '2021-12-06 10:16:28', 'hoax', 5, ''),
(586, '1206003', 32, '2021-12-06 10:16:38', 'legit', 4, 'terkutuk anjas'),
(587, '1206004', 8, '2021-12-06 10:18:00', 'legit', 8, ''),
(588, '1206004', 25, '2021-12-06 10:18:03', 'hoax', 7, ''),
(589, '1206004', 5, '2021-12-06 10:18:09', 'legit', 7, ''),
(590, '1206004', 12, '2021-12-06 10:18:17', 'hoax', 3, ''),
(591, '1206004', 17, '2021-12-06 10:18:22', 'legit', 9, ''),
(592, '1206004', 27, '2021-12-06 10:18:25', 'hoax', 10, ''),
(593, '1206004', 16, '2021-12-06 10:18:27', 'legit', 7, ''),
(594, '1206004', 23, '2021-12-06 10:18:31', 'hoax', 9, ''),
(595, '1206004', 22, '2021-12-06 10:18:37', 'hoax', 8, ''),
(596, '1206004', 6, '2021-12-06 10:18:41', 'legit', 10, ''),
(597, '1206004', 33, '2021-12-06 10:18:47', 'legit', 4, ''),
(598, '1206004', 1, '2021-12-06 10:18:51', 'hoax', 4, ''),
(599, '1206004', 26, '2021-12-06 10:18:53', 'legit', 3, ''),
(600, '1206004', 6, '2021-12-06 10:18:55', 'hoax', 4, ''),
(601, '1206004', 17, '2021-12-06 10:18:57', 'legit', 7, ''),
(602, '1206004', 15, '2021-12-06 10:18:59', 'legit', 6, ''),
(603, '1206004', 34, '2021-12-06 10:19:06', 'legit', 3, ''),
(604, '1206004', 11, '2021-12-06 10:19:10', 'legit', 8, ''),
(605, '1206004', 9, '2021-12-06 10:19:12', 'hoax', 4, ''),
(606, '1206004', 2, '2021-12-06 10:19:15', 'legit', 4, ''),
(607, '1206005', 3, '2021-12-06 10:21:36', 'legit', 8, ''),
(608, '1206005', 21, '2021-12-06 10:21:38', 'legit', 5, ''),
(609, '1206005', 12, '2021-12-06 10:21:40', 'hoax', 2, ''),
(610, '1206005', 20, '2021-12-06 10:21:42', 'legit', 7, ''),
(611, '1206005', 13, '2021-12-06 10:21:46', 'legit', 7, ''),
(612, '1206005', 7, '2021-12-06 10:21:48', 'hoax', 4, ''),
(613, '1206005', 26, '2021-12-06 10:21:51', 'legit', 2, ''),
(614, '1206005', 30, '2021-12-06 10:21:53', 'legit', 7, ''),
(615, '1206005', 28, '2021-12-06 10:21:55', 'hoax', 7, ''),
(616, '1206005', 5, '2021-12-06 10:21:58', 'legit', 8, ''),
(617, '1206005', 30, '2021-12-06 10:22:04', 'hoax', 6, ''),
(618, '1206005', 28, '2021-12-06 10:22:05', 'legit', 7, ''),
(619, '1206005', 34, '2021-12-06 10:22:10', 'hoax', 3, ''),
(620, '1206005', 22, '2021-12-06 10:22:13', 'legit', 5, ''),
(621, '1206005', 6, '2021-12-06 10:22:15', 'legit', 9, ''),
(622, '1206005', 33, '2021-12-06 10:22:21', 'legit', 3, ''),
(623, '1206005', 27, '2021-12-06 10:22:24', 'hoax', 7, ''),
(624, '1206005', 32, '2021-12-06 10:22:28', 'legit', 3, ''),
(625, '1206005', 26, '2021-12-06 10:22:32', 'hoax', 10, ''),
(626, '1206005', 16, '2021-12-06 10:22:35', 'legit', 10, ''),
(627, '1206006', 24, '2021-12-06 10:28:11', 'hoax', 7, ''),
(628, '1206006', 14, '2021-12-06 10:28:15', 'legit', 7, ''),
(629, '1206006', 25, '2021-12-06 10:28:18', 'hoax', 6, ''),
(630, '1206006', 18, '2021-12-06 10:28:21', 'legit', 3, ''),
(631, '1206006', 19, '2021-12-06 10:28:24', 'legit', 10, ''),
(632, '1206006', 1, '2021-12-06 10:28:27', 'legit', 6, ''),
(633, '1206006', 4, '2021-12-06 10:28:32', 'hoax', 6, ''),
(634, '1206006', 2, '2021-12-06 10:28:36', 'legit', 6, ''),
(635, '1206006', 20, '2021-12-06 10:28:39', 'legit', 6, ''),
(636, '1206006', 26, '2021-12-06 10:28:42', 'legit', 6, ''),
(637, '1206006', 8, '2021-12-06 10:28:49', 'hoax', 4, ''),
(638, '1206006', 33, '2021-12-06 10:29:10', 'legit', 4, 'CEO aqua terbukti tdak bersalah'),
(639, '1206006', 9, '2021-12-06 10:29:13', 'legit', 6, ''),
(640, '1206006', 11, '2021-12-06 10:29:21', 'hoax', 4, ''),
(641, '1206006', 25, '2021-12-06 10:29:27', 'hoax', 10, ''),
(642, '1206006', 34, '2021-12-06 10:29:47', 'legit', 4, 'benar david silva jago'),
(643, '1206006', 24, '2021-12-06 10:29:51', 'legit', 4, ''),
(644, '1206006', 12, '2021-12-06 10:29:58', 'legit', 5, ''),
(645, '1206006', 15, '2021-12-06 10:30:02', 'legit', 8, ''),
(646, '1206006', 23, '2021-12-06 10:30:06', 'hoax', 5, ''),
(647, '1206007', 17, '2021-12-06 10:37:23', 'hoax', 4, ''),
(648, '1206007', 14, '2021-12-06 10:37:25', 'legit', 8, ''),
(649, '1206007', 20, '2021-12-06 10:37:27', 'hoax', 4, ''),
(650, '1206007', 28, '2021-12-06 10:37:28', 'legit', 5, ''),
(651, '1206007', 16, '2021-12-06 10:37:29', 'hoax', 3, ''),
(652, '1206007', 25, '2021-12-06 10:37:31', 'legit', 7, ''),
(653, '1206007', 6, '2021-12-06 10:37:33', 'hoax', 3, ''),
(654, '1206007', 26, '2021-12-06 10:37:36', 'legit', 3, ''),
(655, '1206007', 7, '2021-12-06 10:37:39', 'legit', 7, ''),
(656, '1206007', 15, '2021-12-06 10:37:42', 'legit', 5, ''),
(657, '1206007', 1, '2021-12-06 10:37:48', 'legit', 6, ''),
(658, '1206007', 14, '2021-12-06 10:37:50', 'legit', 5, ''),
(659, '1206007', 22, '2021-12-06 10:37:52', 'legit', 6, ''),
(660, '1206007', 2, '2021-12-06 10:37:54', 'legit', 6, ''),
(661, '1206007', 30, '2021-12-06 10:37:58', 'legit', 5, ''),
(662, '1206007', 20, '2021-12-06 10:38:00', 'legit', 6, ''),
(663, '1206007', 7, '2021-12-06 10:38:02', 'legit', 8, ''),
(664, '1206007', 17, '2021-12-06 10:38:04', 'legit', 9, ''),
(665, '1206007', 21, '2021-12-06 10:38:07', 'legit', 5, ''),
(666, '1206007', 18, '2021-12-06 10:38:09', 'legit', 6, ''),
(667, '1206008', 11, '2021-12-06 10:41:09', 'hoax', 7, ''),
(668, '1206008', 28, '2021-12-06 10:41:59', 'legit', 4, ''),
(669, '1206008', 5, '2021-12-06 10:42:04', 'legit', 10, ''),
(670, '1206008', 22, '2021-12-06 10:42:08', 'hoax', 9, ''),
(671, '1206008', 12, '2021-12-06 10:42:11', 'legit', 6, ''),
(672, '1206008', 25, '2021-12-06 10:42:14', 'hoax', 7, ''),
(673, '1206008', 23, '2021-12-06 10:42:17', 'hoax', 5, ''),
(674, '1206008', 7, '2021-12-06 10:42:19', 'legit', 7, ''),
(675, '1206008', 3, '2021-12-06 10:42:23', 'legit', 7, ''),
(676, '1206008', 33, '2021-12-06 10:42:34', 'legit', 1, 'siapa CEO aqua?'),
(677, '1206008', 13, '2021-12-06 10:42:38', 'legit', 5, ''),
(678, '1206008', 12, '2021-12-06 10:43:02', 'legit', 10, ''),
(679, '1206008', 32, '2021-12-06 10:43:12', 'legit', 2, 'benar saya setuju'),
(680, '1206008', 23, '2021-12-06 10:43:15', 'hoax', 6, ''),
(681, '1206008', 18, '2021-12-06 10:43:18', 'legit', 6, ''),
(682, '1206008', 7, '2021-12-06 10:43:21', 'legit', 9, ''),
(683, '1206008', 2, '2021-12-06 10:43:24', 'legit', 5, ''),
(684, '1206008', 27, '2021-12-06 10:43:27', 'hoax', 7, ''),
(685, '1206008', 1, '2021-12-06 10:43:30', 'legit', 5, ''),
(686, '1206008', 15, '2021-12-06 10:43:33', 'legit', 8, ''),
(687, '1206008', 3, '2021-12-06 10:43:36', 'legit', 9, ''),
(688, '1206009', 18, '2021-12-06 10:45:09', 'legit', 4, ''),
(689, '1206009', 33, '2021-12-06 10:45:20', 'hoax', 2, 'berita ini hoax'),
(690, '1206009', 17, '2021-12-06 10:45:23', 'legit', 9, ''),
(691, '1206009', 32, '2021-12-06 10:45:33', 'legit', 4, 'saya tidak main genshin'),
(692, '1206009', 26, '2021-12-06 10:45:36', 'hoax', 6, ''),
(693, '1206009', 16, '2021-12-06 10:45:39', 'legit', 8, ''),
(694, '1206009', 12, '2021-12-06 10:45:42', 'legit', 7, ''),
(695, '1206009', 29, '2021-12-06 10:45:46', 'legit', 3, ''),
(696, '1206009', 6, '2021-12-06 10:45:49', 'legit', 9, ''),
(697, '1206009', 4, '2021-12-06 10:45:52', 'legit', 8, ''),
(698, '1234567', 3, '2021-12-06 10:50:01', 'legit', 9, ''),
(699, '1206003', 1, '2021-12-06 10:55:21', 'legit', 10, ''),
(700, '1206010', 34, '2021-12-06 10:58:37', 'legit', 1, 'silva jago'),
(701, '1206010', 14, '2021-12-06 10:58:43', 'legit', 8, ''),
(702, '1206010', 22, '2021-12-06 10:58:44', 'legit', 2, ''),
(703, '1206010', 15, '2021-12-06 10:58:49', 'legit', 9, ''),
(704, '1206010', 1, '2021-12-06 10:58:52', 'hoax', 4, ''),
(705, '1206010', 10, '2021-12-06 10:58:54', 'legit', 6, ''),
(706, '1206010', 16, '2021-12-06 10:58:58', 'legit', 9, ''),
(707, '1206010', 6, '2021-12-06 10:59:01', 'legit', 9, ''),
(708, '1206010', 11, '2021-12-06 10:59:03', 'hoax', 6, ''),
(709, '1206010', 5, '2021-12-06 10:59:06', 'legit', 5, ''),
(710, '1206011', 11, '2021-12-06 11:01:08', 'legit', 7, ''),
(711, '1206011', 21, '2021-12-06 11:01:14', 'hoax', 10, ''),
(712, '1206011', 29, '2021-12-06 11:01:17', 'legit', 3, ''),
(713, '1206011', 20, '2021-12-06 11:01:19', 'legit', 5, ''),
(714, '1206011', 26, '2021-12-06 11:01:23', 'hoax', 8, ''),
(715, '1206011', 22, '2021-12-06 11:01:26', 'hoax', 5, ''),
(716, '1206011', 31, '2021-12-06 11:01:44', 'legit', 2, 'beritanya terlihat asli'),
(717, '1206011', 33, '2021-12-06 11:01:55', 'legit', 4, 'beritanya terlihat asli'),
(718, '1206011', 6, '2021-12-06 11:01:58', 'legit', 8, ''),
(719, '1206011', 32, '2021-12-06 11:02:27', 'legit', 2, 'saya tidak tahu genshin'),
(720, '1206003', 7, '2021-12-06 11:18:18', 'legit', 9, ''),
(721, '1206003', 15, '2021-12-06 11:18:19', 'legit', 5, ''),
(722, '1206003', 31, '2021-12-06 11:18:20', 'legit', 2, ''),
(723, '1206003', 3, '2021-12-06 11:18:22', 'legit', 10, ''),
(724, '1206003', 30, '2021-12-06 11:18:23', 'legit', 9, ''),
(725, '1206003', 29, '2021-12-06 11:18:25', 'legit', 3, ''),
(726, '1206003', 8, '2021-12-06 11:18:26', 'legit', 7, ''),
(727, '1206003', 27, '2021-12-06 11:18:27', 'legit', 5, ''),
(728, '1206003', 32, '2021-12-06 11:18:29', 'legit', 4, ''),
(729, '1206003', 16, '2021-12-06 11:18:31', 'legit', 9, ''),
(730, '1206012', 14, '2021-12-06 11:35:20', 'legit', 8, ''),
(731, '1206012', 16, '2021-12-06 11:35:24', 'hoax', 5, ''),
(732, '1206012', 12, '2021-12-06 11:35:28', 'legit', 9, ''),
(733, '1206012', 24, '2021-12-06 11:35:34', 'hoax', 9, ''),
(734, '1206012', 25, '2021-12-06 11:35:41', 'legit', 5, ''),
(735, '1206012', 22, '2021-12-06 11:35:45', 'hoax', 10, ''),
(736, '1206012', 28, '2021-12-06 11:35:53', 'legit', 2, ''),
(737, '1206012', 4, '2021-12-06 11:35:58', 'legit', 7, ''),
(738, '1206012', 31, '2021-12-06 11:36:24', 'legit', 1, 'Because thats true'),
(739, '1206012', 5, '2021-12-06 11:36:32', 'legit', 9, ''),
(740, '1206013', 1, '2021-12-06 11:40:00', 'legit', 8, ''),
(741, '1206014', 24, '2021-12-06 11:42:21', 'legit', 7, ''),
(742, '1206014', 22, '2021-12-06 11:42:22', 'hoax', 9, ''),
(743, '1206014', 10, '2021-12-06 11:42:23', 'legit', 5, ''),
(744, '1206014', 2, '2021-12-06 11:42:24', 'legit', 5, ''),
(745, '1206015', 18, '2021-12-06 11:45:05', 'legit', 5, ''),
(746, '1206015', 9, '2021-12-06 11:45:06', 'hoax', 5, ''),
(747, '1206015', 32, '2021-12-06 11:45:08', 'legit', 4, ''),
(748, '1206015', 20, '2021-12-06 11:45:10', 'hoax', 4, ''),
(749, '1206015', 15, '2021-12-06 11:45:11', 'legit', 9, ''),
(750, '1206015', 17, '2021-12-06 11:45:11', 'legit', 10, ''),
(751, '1206015', 33, '2021-12-06 11:45:13', 'hoax', 4, ''),
(752, '1206015', 25, '2021-12-06 11:45:14', 'legit', 2, ''),
(753, '1206015', 24, '2021-12-06 11:45:15', 'legit', 5, ''),
(754, '1206015', 7, '2021-12-06 11:45:17', 'hoax', 7, ''),
(755, '1206016', 9, '2021-12-06 11:47:31', 'legit', 5, ''),
(756, '1206016', 33, '2021-12-06 11:47:32', 'hoax', 1, ''),
(757, '1206016', 29, '2021-12-06 11:47:33', 'legit', 7, ''),
(758, '1206016', 25, '2021-12-06 11:47:35', 'hoax', 6, ''),
(759, '1206016', 27, '2021-12-06 11:47:36', 'legit', 5, ''),
(760, '1206016', 19, '2021-12-06 11:47:37', 'legit', 8, ''),
(761, '1206016', 11, '2021-12-06 11:47:38', 'hoax', 7, ''),
(762, '1206016', 6, '2021-12-06 11:47:40', 'hoax', 5, ''),
(763, '1206016', 26, '2021-12-06 11:47:40', 'legit', 4, ''),
(764, '1206016', 23, '2021-12-06 11:47:41', 'legit', 5, ''),
(765, '1206017', 4, '2021-12-06 11:49:50', 'legit', 9, ''),
(766, '1206017', 31, '2021-12-06 11:49:52', 'hoax', 3, ''),
(767, '1206017', 25, '2021-12-06 11:49:53', 'legit', 5, ''),
(768, '1206017', 21, '2021-12-06 11:49:54', 'hoax', 6, ''),
(769, '1206017', 10, '2021-12-06 11:49:55', 'legit', 6, ''),
(770, '1206017', 19, '2021-12-06 11:49:56', 'legit', 7, ''),
(771, '1206017', 15, '2021-12-06 11:49:58', 'hoax', 2, ''),
(772, '1206017', 33, '2021-12-06 11:50:00', 'legit', 3, ''),
(773, '1206017', 30, '2021-12-06 11:50:02', 'legit', 6, ''),
(774, '1206017', 23, '2021-12-06 11:50:03', 'hoax', 10, ''),
(775, '1206018', 25, '2021-12-06 11:52:33', 'legit', 3, ''),
(776, '1206018', 9, '2021-12-06 11:52:34', 'hoax', 6, ''),
(777, '1206018', 23, '2021-12-06 11:52:35', 'legit', 3, ''),
(778, '1206018', 19, '2021-12-06 11:52:37', 'legit', 5, ''),
(779, '1206018', 32, '2021-12-06 11:52:38', 'hoax', 1, ''),
(780, '1206018', 33, '2021-12-06 11:52:40', 'legit', 3, ''),
(781, '1206018', 17, '2021-12-06 11:52:41', 'hoax', 6, ''),
(782, '1206018', 1, '2021-12-06 11:52:42', 'legit', 6, ''),
(783, '1206018', 7, '2021-12-06 11:52:43', 'legit', 8, ''),
(784, '1206018', 11, '2021-12-06 11:52:45', 'hoax', 6, ''),
(785, '1206019', 31, '2021-12-06 11:54:47', 'legit', 1, ''),
(786, '1206019', 22, '2021-12-06 11:54:48', 'hoax', 8, ''),
(787, '1206019', 23, '2021-12-06 11:54:50', 'legit', 7, ''),
(788, '1206019', 21, '2021-12-06 11:54:51', 'legit', 2, ''),
(789, '1206019', 18, '2021-12-06 11:54:53', 'hoax', 5, ''),
(790, '1206019', 24, '2021-12-06 11:54:55', 'legit', 7, ''),
(791, '1206019', 16, '2021-12-06 11:54:56', 'legit', 7, ''),
(792, '1206019', 7, '2021-12-06 11:54:58', 'legit', 6, ''),
(793, '1206019', 34, '2021-12-06 11:55:01', 'legit', 3, ''),
(794, '1206019', 1, '2021-12-06 11:55:02', 'legit', 9, ''),
(795, '1206020', 1, '2021-12-06 11:56:49', 'legit', 10, ''),
(796, '1206020', 28, '2021-12-06 11:56:50', 'hoax', 9, ''),
(797, '1206020', 19, '2021-12-06 11:56:51', 'legit', 7, ''),
(798, '1206020', 22, '2021-12-06 11:56:52', 'legit', 3, ''),
(799, '1206020', 29, '2021-12-06 11:56:53', 'legit', 6, ''),
(800, '1206020', 20, '2021-12-06 11:56:54', 'hoax', 5, ''),
(801, '1206020', 4, '2021-12-06 11:56:55', 'legit', 8, ''),
(802, '1206020', 23, '2021-12-06 11:56:56', 'legit', 6, ''),
(803, '1206020', 10, '2021-12-06 11:56:57', 'legit', 10, ''),
(804, '1206020', 3, '2021-12-06 11:56:59', 'legit', 9, ''),
(805, '1206021', 16, '2021-12-06 11:59:03', 'hoax', 2, ''),
(806, '1206021', 12, '2021-12-06 11:59:04', 'legit', 5, ''),
(807, '1206021', 7, '2021-12-06 11:59:06', 'legit', 8, ''),
(808, '1206021', 14, '2021-12-06 11:59:07', 'legit', 7, ''),
(809, '1206021', 19, '2021-12-06 11:59:08', 'hoax', 2, ''),
(810, '1206021', 21, '2021-12-06 11:59:09', 'legit', 5, ''),
(811, '1206021', 17, '2021-12-06 11:59:11', 'legit', 5, ''),
(812, '1206021', 22, '2021-12-06 11:59:12', 'hoax', 5, ''),
(813, '1206021', 5, '2021-12-06 11:59:13', 'legit', 10, ''),
(814, '1206021', 13, '2021-12-06 11:59:14', 'legit', 8, ''),
(815, '1206022', 16, '2021-12-06 12:00:28', 'legit', 5, ''),
(816, '1206022', 27, '2021-12-06 12:00:29', 'hoax', 9, ''),
(817, '1206022', 7, '2021-12-06 12:00:31', 'legit', 7, ''),
(818, '1206022', 5, '2021-12-06 12:00:32', 'legit', 6, ''),
(819, '1206022', 28, '2021-12-06 12:00:33', 'hoax', 7, ''),
(820, '1206022', 1, '2021-12-06 12:00:34', 'legit', 6, ''),
(821, '1206022', 23, '2021-12-06 12:00:35', 'hoax', 5, ''),
(822, '1206022', 3, '2021-12-06 12:00:37', 'legit', 6, ''),
(823, '1206022', 22, '2021-12-06 12:00:38', 'hoax', 9, ''),
(824, '1206022', 31, '2021-12-06 12:00:42', 'legit', 1, ''),
(825, '1206023', 31, '2021-12-06 12:02:19', 'legit', 2, ''),
(826, '1206023', 23, '2021-12-06 12:02:20', 'hoax', 10, ''),
(827, '1206023', 20, '2021-12-06 12:02:21', 'legit', 7, ''),
(828, '1206023', 28, '2021-12-06 12:02:23', 'legit', 3, ''),
(829, '1206023', 19, '2021-12-06 12:02:24', 'legit', 8, ''),
(830, '1206023', 21, '2021-12-06 12:02:25', 'hoax', 8, ''),
(831, '1206023', 11, '2021-12-06 12:02:33', 'legit', 9, ''),
(832, '1206023', 33, '2021-12-06 12:02:35', 'legit', 3, ''),
(833, '1206023', 25, '2021-12-06 12:02:37', 'hoax', 7, ''),
(834, '1206023', 22, '2021-12-06 12:02:38', 'legit', 5, ''),
(835, '1206024', 5, '2021-12-06 12:10:28', 'hoax', 3, ''),
(836, '1206024', 8, '2021-12-06 12:10:28', 'hoax', 3, ''),
(837, '1206024', 28, '2021-12-06 12:10:30', 'legit', 4, ''),
(838, '1206024', 15, '2021-12-06 12:10:31', 'legit', 8, ''),
(839, '1206024', 21, '2021-12-06 12:10:32', 'hoax', 8, ''),
(840, '1206024', 32, '2021-12-06 12:10:33', 'legit', 4, ''),
(841, '1206024', 24, '2021-12-06 12:10:34', 'hoax', 9, ''),
(842, '1206024', 11, '2021-12-06 12:10:36', 'hoax', 6, ''),
(843, '1206024', 30, '2021-12-06 12:10:37', 'legit', 7, ''),
(844, '1206024', 19, '2021-12-06 12:10:38', 'legit', 10, ''),
(845, '1206025', 4, '2021-12-06 12:12:25', 'legit', 10, '');
INSERT INTO `user_answer` (`id`, `user`, `news`, `date_answered`, `answer`, `score`, `reasoning`) VALUES
(846, '1206025', 19, '2021-12-06 12:12:26', 'hoax', 7, ''),
(847, '1206025', 32, '2021-12-06 12:12:27', 'legit', 3, ''),
(848, '1206025', 2, '2021-12-06 12:12:28', 'hoax', 7, ''),
(849, '1206025', 12, '2021-12-06 12:12:29', 'legit', 5, ''),
(850, '1206025', 13, '2021-12-06 12:12:31', 'legit', 6, ''),
(851, '1206025', 9, '2021-12-06 12:12:32', 'hoax', 2, ''),
(852, '1206025', 27, '2021-12-06 12:12:33', 'legit', 4, ''),
(853, '1206025', 29, '2021-12-06 12:12:35', 'hoax', 10, ''),
(854, '1206025', 17, '2021-12-06 12:12:36', 'legit', 6, ''),
(855, '1206026', 26, '2021-12-06 12:13:58', 'legit', 5, ''),
(856, '1206026', 18, '2021-12-06 12:13:59', 'hoax', 8, ''),
(857, '1206026', 23, '2021-12-06 12:14:00', 'legit', 2, ''),
(858, '1206026', 5, '2021-12-06 12:14:01', 'legit', 6, ''),
(859, '1206026', 27, '2021-12-06 12:14:04', 'hoax', 5, ''),
(860, '1206026', 14, '2021-12-06 12:14:05', 'legit', 10, ''),
(861, '1206026', 20, '2021-12-06 12:14:06', 'legit', 5, ''),
(862, '1206026', 15, '2021-12-06 12:14:07', 'hoax', 2, ''),
(863, '1206026', 10, '2021-12-06 12:14:08', 'legit', 8, ''),
(864, '1206026', 6, '2021-12-06 12:14:09', 'legit', 5, ''),
(865, '1206027', 11, '2021-12-06 12:16:20', 'legit', 6, ''),
(866, '1206027', 7, '2021-12-06 12:16:21', 'hoax', 5, ''),
(867, '1206027', 13, '2021-12-06 12:16:22', 'legit', 7, ''),
(868, '1206027', 18, '2021-12-06 12:16:23', 'legit', 7, ''),
(869, '1206027', 28, '2021-12-06 12:16:24', 'legit', 2, ''),
(870, '1206027', 22, '2021-12-06 12:16:25', 'hoax', 5, ''),
(871, '1206027', 9, '2021-12-06 12:16:27', 'legit', 8, ''),
(872, '1206027', 15, '2021-12-06 12:16:28', 'legit', 7, ''),
(873, '1206027', 27, '2021-12-06 12:16:30', 'legit', 2, ''),
(874, '1206027', 30, '2021-12-06 12:16:32', 'legit', 9, ''),
(875, '1206028', 15, '2021-12-06 12:17:49', 'legit', 6, ''),
(876, '1206028', 9, '2021-12-06 12:17:50', 'hoax', 5, ''),
(877, '1206028', 21, '2021-12-06 12:17:51', 'legit', 3, ''),
(878, '1206028', 33, '2021-12-06 12:17:53', 'legit', 4, ''),
(879, '1206028', 20, '2021-12-06 12:17:55', 'legit', 5, ''),
(880, '1206028', 11, '2021-12-06 12:17:56', 'hoax', 3, ''),
(881, '1206028', 25, '2021-12-06 12:17:57', 'hoax', 9, ''),
(882, '1206028', 12, '2021-12-06 12:17:59', 'legit', 5, ''),
(883, '1206028', 34, '2021-12-06 12:18:03', 'legit', 2, ''),
(884, '1206028', 32, '2021-12-06 12:18:05', 'hoax', 3, ''),
(885, '1206029', 7, '2021-12-06 12:59:32', 'legit', 5, ''),
(886, '1206029', 8, '2021-12-06 12:59:34', 'legit', 9, ''),
(887, '1206029', 10, '2021-12-06 12:59:37', 'legit', 6, ''),
(888, '1206029', 12, '2021-12-06 12:59:40', 'legit', 8, ''),
(889, '1206029', 30, '2021-12-06 12:59:42', 'hoax', 5, ''),
(890, '1206029', 1, '2021-12-06 12:59:45', 'legit', 10, ''),
(891, '1206029', 2, '2021-12-06 12:59:47', 'legit', 6, ''),
(892, '1206029', 4, '2021-12-06 12:59:50', 'legit', 9, ''),
(893, '1206029', 26, '2021-12-06 12:59:54', 'hoax', 6, ''),
(894, '1206029', 34, '2021-12-06 13:00:06', 'legit', 2, 'berita yang meyakinkan'),
(895, '1206030', 27, '2021-12-06 13:01:39', 'legit', 4, ''),
(896, '1206030', 33, '2021-12-06 13:01:44', 'legit', 4, 'aqua'),
(897, '1206030', 15, '2021-12-06 13:01:45', 'hoax', 5, ''),
(898, '1206030', 34, '2021-12-06 13:01:46', 'legit', 3, ''),
(899, '1206030', 13, '2021-12-06 13:01:48', 'hoax', 5, ''),
(900, '1206030', 20, '2021-12-06 13:01:49', 'legit', 9, ''),
(901, '1206030', 5, '2021-12-06 13:01:50', 'hoax', 3, ''),
(902, '1206030', 3, '2021-12-06 13:01:51', 'legit', 5, ''),
(903, '1206030', 22, '2021-12-06 13:01:53', 'hoax', 9, ''),
(904, '1206030', 9, '2021-12-06 13:01:54', 'legit', 5, ''),
(905, '1206031', 16, '2021-12-06 13:03:36', 'legit', 9, ''),
(906, '1206031', 28, '2021-12-06 13:03:36', 'legit', 6, ''),
(907, '1206031', 26, '2021-12-06 13:03:36', 'legit', 6, ''),
(908, '1206031', 30, '2021-12-06 13:03:36', 'legit', 6, ''),
(909, '1206031', 17, '2021-12-06 13:03:38', 'hoax', 7, ''),
(910, '1206031', 2, '2021-12-06 13:03:38', 'hoax', 6, ''),
(911, '1206031', 33, '2021-12-06 13:03:40', 'legit', 3, ''),
(912, '1206031', 9, '2021-12-06 13:03:40', 'legit', 8, ''),
(913, '1206031', 7, '2021-12-06 13:03:43', 'legit', 6, ''),
(914, '1206031', 25, '2021-12-06 13:03:44', 'legit', 6, ''),
(915, '1206032', 12, '2021-12-06 13:04:58', 'legit', 10, ''),
(916, '1206032', 11, '2021-12-06 13:04:58', 'legit', 5, ''),
(917, '1206032', 2, '2021-12-06 13:04:58', 'legit', 5, ''),
(918, '1206032', 26, '2021-12-06 13:04:58', 'legit', 5, ''),
(919, '1206032', 22, '2021-12-06 13:04:59', 'legit', 5, ''),
(920, '1206032', 9, '2021-12-06 13:04:59', 'legit', 7, ''),
(921, '1206032', 31, '2021-12-06 13:04:59', 'legit', 4, ''),
(922, '1206032', 30, '2021-12-06 13:05:02', 'legit', 9, ''),
(923, '1206032', 34, '2021-12-06 13:05:05', 'legit', 3, ''),
(924, '1206032', 27, '2021-12-06 13:05:07', 'hoax', 6, ''),
(925, '1206033', 18, '2021-12-06 13:06:52', 'legit', 4, ''),
(926, '1206033', 29, '2021-12-06 13:06:53', 'hoax', 8, ''),
(927, '1206033', 26, '2021-12-06 13:06:53', 'hoax', 9, ''),
(928, '1206033', 2, '2021-12-06 13:06:54', 'legit', 5, ''),
(929, '1206033', 8, '2021-12-06 13:06:54', 'legit', 5, ''),
(930, '1206033', 19, '2021-12-06 13:06:54', 'hoax', 5, ''),
(931, '1206033', 16, '2021-12-06 13:06:55', 'hoax', 3, ''),
(932, '1206033', 15, '2021-12-06 13:06:55', 'hoax', 3, ''),
(933, '1206033', 7, '2021-12-06 13:06:56', 'legit', 5, ''),
(934, '1206033', 34, '2021-12-06 13:06:57', 'hoax', 3, ''),
(935, '1206033', 34, '2021-12-06 13:06:58', 'hoax', 3, ''),
(936, '1206034', 10, '2021-12-06 13:08:07', 'legit', 7, ''),
(937, '1206034', 14, '2021-12-06 13:08:08', 'hoax', 3, ''),
(938, '1206034', 8, '2021-12-06 13:08:09', 'legit', 8, ''),
(939, '1206034', 6, '2021-12-06 13:08:10', 'legit', 6, ''),
(940, '1206034', 29, '2021-12-06 13:08:11', 'legit', 6, ''),
(941, '1206034', 23, '2021-12-06 13:08:11', 'hoax', 6, ''),
(942, '1206034', 26, '2021-12-06 13:08:12', 'hoax', 7, ''),
(943, '1206034', 12, '2021-12-06 13:08:12', 'legit', 9, ''),
(944, '1206034', 22, '2021-12-06 13:08:12', 'legit', 9, ''),
(945, '1206034', 24, '2021-12-06 13:08:13', 'legit', 3, ''),
(946, '1206034', 24, '2021-12-06 13:08:14', 'legit', 3, ''),
(947, '1206034', 27, '2021-12-06 13:08:17', 'hoax', 6, ''),
(948, '1206034', 5, '2021-12-06 13:08:17', 'legit', 10, ''),
(949, '1206034', 31, '2021-12-06 13:08:18', 'legit', 10, ''),
(950, '1206034', 28, '2021-12-06 13:08:19', 'legit', 2, ''),
(951, '1206034', 17, '2021-12-06 13:08:19', 'legit', 2, ''),
(952, '1206034', 6, '2021-12-06 13:08:19', 'hoax', 2, ''),
(953, '1206034', 20, '2021-12-06 13:08:20', 'hoax', 4, ''),
(954, '1206034', 24, '2021-12-06 13:08:21', 'hoax', 6, ''),
(955, '1206034', 4, '2021-12-06 13:08:21', 'hoax', 6, ''),
(956, '1206034', 29, '2021-12-06 13:08:21', 'legit', 10, ''),
(957, '1206034', 30, '2021-12-06 13:08:25', 'legit', 8, ''),
(958, '1206034', 2, '2021-12-06 13:08:26', 'legit', 8, ''),
(959, '1206034', 18, '2021-12-06 13:08:27', 'hoax', 7, ''),
(960, '1206034', 33, '2021-12-06 13:08:27', 'hoax', 7, ''),
(961, '1206034', 14, '2021-12-06 13:08:28', 'legit', 6, ''),
(962, '1206034', 31, '2021-12-06 13:08:29', 'legit', 2, ''),
(963, '1206034', 11, '2021-12-06 13:08:30', 'legit', 2, ''),
(964, '1206034', 13, '2021-12-06 13:08:32', 'hoax', 6, ''),
(965, '1206034', 21, '2021-12-06 13:08:32', 'legit', 6, ''),
(966, '1206034', 28, '2021-12-06 13:08:32', 'legit', 6, ''),
(967, '1206034', 17, '2021-12-06 13:08:37', 'legit', 9, ''),
(968, '1206034', 25, '2021-12-06 13:08:37', 'hoax', 9, ''),
(969, '1206034', 22, '2021-12-06 13:08:38', 'legit', 5, ''),
(970, '1206034', 13, '2021-12-06 13:08:38', 'hoax', 4, ''),
(971, '1206034', 33, '2021-12-06 13:08:39', 'hoax', 4, ''),
(972, '1206034', 24, '2021-12-06 13:08:40', 'hoax', 8, ''),
(973, '1206034', 28, '2021-12-06 13:08:41', 'hoax', 10, ''),
(974, '1206034', 27, '2021-12-06 13:08:41', 'legit', 7, ''),
(975, '1206034', 15, '2021-12-06 13:08:41', 'hoax', 7, ''),
(976, '1206034', 8, '2021-12-06 13:08:42', 'legit', 7, ''),
(977, '1206034', 28, '2021-12-06 13:08:48', 'hoax', 9, ''),
(978, '1206034', 6, '2021-12-06 13:08:51', 'legit', 8, ''),
(979, '1206034', 24, '2021-12-06 13:08:53', 'hoax', 5, ''),
(980, '1206034', 34, '2021-12-06 13:08:58', 'hoax', 4, ''),
(981, '1206034', 19, '2021-12-06 13:09:00', 'legit', 5, ''),
(982, '1206034', 10, '2021-12-06 13:09:03', 'legit', 5, ''),
(983, '1206034', 26, '2021-12-06 13:09:05', 'hoax', 5, ''),
(984, '1206034', 9, '2021-12-06 13:09:07', 'legit', 5, ''),
(985, '1206034', 31, '2021-12-06 13:09:13', 'hoax', 4, 'what'),
(986, '1206034', 11, '2021-12-06 13:09:16', 'legit', 5, ''),
(987, '1206035', 21, '2021-12-06 13:10:26', 'hoax', 7, ''),
(988, '1206035', 19, '2021-12-06 13:10:26', 'legit', 8, ''),
(989, '1206035', 3, '2021-12-06 13:10:27', 'legit', 8, ''),
(990, '1206035', 18, '2021-12-06 13:10:27', 'legit', 7, ''),
(991, '1206035', 15, '2021-12-06 13:10:27', 'legit', 7, ''),
(992, '1206035', 31, '2021-12-06 13:10:29', 'hoax', 1, ''),
(993, '1206035', 30, '2021-12-06 13:10:30', 'legit', 9, ''),
(994, '1206035', 26, '2021-12-06 13:10:30', 'legit', 6, ''),
(995, '1206035', 13, '2021-12-06 13:10:31', 'hoax', 5, ''),
(996, '1206035', 29, '2021-12-06 13:10:31', 'hoax', 5, ''),
(997, '1206035', 15, '2021-12-06 13:10:35', 'legit', 7, ''),
(998, '1206035', 12, '2021-12-06 13:10:35', 'legit', 9, ''),
(999, '1206035', 29, '2021-12-06 13:10:36', 'legit', 6, ''),
(1000, '1206035', 3, '2021-12-06 13:10:37', 'hoax', 3, ''),
(1001, '1206035', 4, '2021-12-06 13:10:37', 'hoax', 3, ''),
(1002, '1206035', 25, '2021-12-06 13:10:37', 'legit', 10, ''),
(1003, '1206035', 2, '2021-12-06 13:10:38', 'legit', 4, ''),
(1004, '1206035', 7, '2021-12-06 13:10:38', 'legit', 4, ''),
(1005, '1206035', 17, '2021-12-06 13:10:42', 'legit', 6, ''),
(1006, '1206035', 6, '2021-12-06 13:10:44', 'legit', 5, ''),
(1007, '1206036', 13, '2021-12-06 13:11:50', 'hoax', 3, ''),
(1008, '1206036', 5, '2021-12-06 13:11:50', 'legit', 6, ''),
(1009, '1206036', 6, '2021-12-06 13:11:50', 'legit', 6, ''),
(1010, '1206036', 10, '2021-12-06 13:11:51', 'hoax', 5, ''),
(1011, '1206036', 30, '2021-12-06 13:11:51', 'hoax', 6, ''),
(1012, '1206036', 32, '2021-12-06 13:11:52', 'legit', 2, ''),
(1013, '1206036', 18, '2021-12-06 13:11:52', 'legit', 2, ''),
(1014, '1206036', 8, '2021-12-06 13:11:54', 'legit', 5, ''),
(1015, '1206036', 7, '2021-12-06 13:11:55', 'hoax', 3, ''),
(1016, '1206036', 16, '2021-12-06 13:11:57', 'legit', 7, ''),
(1017, '1206037', 6, '2021-12-06 13:13:18', 'legit', 7, ''),
(1018, '1206037', 34, '2021-12-06 13:13:20', 'hoax', 2, ''),
(1019, '1206037', 7, '2021-12-06 13:13:21', 'hoax', 6, ''),
(1020, '1206037', 33, '2021-12-06 13:13:21', 'legit', 1, ''),
(1021, '1206037', 31, '2021-12-06 13:13:22', 'legit', 1, ''),
(1022, '1206037', 1, '2021-12-06 13:13:23', 'legit', 7, ''),
(1023, '1206037', 23, '2021-12-06 13:13:23', 'legit', 7, ''),
(1024, '1206037', 21, '2021-12-06 13:13:24', 'legit', 3, ''),
(1025, '1206037', 5, '2021-12-06 13:13:24', 'hoax', 7, ''),
(1026, '1206037', 27, '2021-12-06 13:13:25', 'legit', 4, ''),
(1027, '1206038', 27, '2021-12-06 13:15:40', 'legit', 2, ''),
(1028, '1206038', 32, '2021-12-06 13:15:42', 'hoax', 4, ''),
(1029, '1206038', 17, '2021-12-06 13:15:43', 'legit', 10, ''),
(1030, '1206038', 26, '2021-12-06 13:15:44', 'legit', 2, ''),
(1031, '1206038', 28, '2021-12-06 13:15:44', 'legit', 5, ''),
(1032, '1206038', 12, '2021-12-06 13:15:44', 'legit', 8, ''),
(1033, '1206038', 15, '2021-12-06 13:15:44', 'legit', 7, ''),
(1034, '1206038', 25, '2021-12-06 13:15:44', 'legit', 3, ''),
(1035, '1206038', 30, '2021-12-06 13:15:44', 'legit', 8, ''),
(1036, '1206038', 3, '2021-12-06 13:15:45', 'legit', 7, ''),
(1037, '1206039', 1, '2021-12-06 13:17:12', 'legit', 7, ''),
(1038, '1206039', 4, '2021-12-06 13:17:13', 'legit', 10, ''),
(1039, '1206039', 11, '2021-12-06 13:17:13', 'legit', 10, ''),
(1040, '1206039', 10, '2021-12-06 13:17:14', 'legit', 7, ''),
(1041, '1206039', 12, '2021-12-06 13:17:14', 'hoax', 7, ''),
(1042, '1206039', 31, '2021-12-06 13:17:15', 'hoax', 7, ''),
(1043, '1206039', 3, '2021-12-06 13:17:16', 'hoax', 6, ''),
(1044, '1206039', 19, '2021-12-06 13:17:17', 'hoax', 5, ''),
(1045, '1206039', 16, '2021-12-06 13:17:18', 'legit', 8, ''),
(1046, '1206039', 5, '2021-12-06 13:17:18', 'legit', 8, ''),
(1047, '1206040', 33, '2021-12-06 13:18:28', 'legit', 3, ''),
(1048, '1206040', 16, '2021-12-06 13:18:30', 'hoax', 5, ''),
(1049, '1206040', 29, '2021-12-06 13:18:31', 'legit', 7, ''),
(1050, '1206040', 20, '2021-12-06 13:18:32', 'hoax', 7, ''),
(1051, '1206040', 25, '2021-12-06 13:18:32', 'hoax', 9, ''),
(1052, '1206040', 15, '2021-12-06 13:18:33', 'legit', 6, ''),
(1053, '1206040', 22, '2021-12-06 13:18:33', 'hoax', 7, ''),
(1054, '1206040', 5, '2021-12-06 13:18:34', 'hoax', 7, ''),
(1055, '1206040', 1, '2021-12-06 13:18:34', 'legit', 8, ''),
(1056, '1206040', 11, '2021-12-06 13:18:34', 'legit', 7, ''),
(1057, '1206040', 11, '2021-12-06 13:18:34', 'legit', 7, ''),
(1058, '1206041', 32, '2021-12-06 13:20:27', 'legit', 1, ''),
(1059, '1206041', 10, '2021-12-06 13:20:27', 'legit', 10, ''),
(1060, '1206041', 26, '2021-12-06 13:20:27', 'legit', 5, ''),
(1061, '1206041', 17, '2021-12-06 13:20:27', 'legit', 5, ''),
(1062, '1206041', 18, '2021-12-06 13:20:27', 'legit', 2, ''),
(1063, '1206041', 12, '2021-12-06 13:20:27', 'legit', 5, ''),
(1064, '1206041', 14, '2021-12-06 13:20:28', 'legit', 9, ''),
(1065, '1206041', 24, '2021-12-06 13:20:28', 'legit', 6, ''),
(1066, '1206041', 28, '2021-12-06 13:20:28', 'legit', 4, ''),
(1067, '1206041', 6, '2021-12-06 13:20:28', 'legit', 10, ''),
(1068, '1206042', 4, '2021-12-06 13:21:33', 'legit', 5, ''),
(1069, '1206042', 23, '2021-12-06 13:21:33', 'legit', 3, ''),
(1070, '1206042', 10, '2021-12-06 13:21:33', 'legit', 10, ''),
(1071, '1206042', 32, '2021-12-06 13:21:33', 'legit', 1, ''),
(1072, '1206042', 34, '2021-12-06 13:21:34', 'legit', 4, ''),
(1073, '1206042', 19, '2021-12-06 13:21:34', 'legit', 9, ''),
(1074, '1206042', 29, '2021-12-06 13:21:34', 'legit', 7, ''),
(1075, '1206042', 25, '2021-12-06 13:21:34', 'legit', 7, ''),
(1076, '1206042', 13, '2021-12-06 13:21:35', 'legit', 6, ''),
(1077, '1206042', 1, '2021-12-06 13:21:35', 'legit', 7, ''),
(1078, '1206043', 31, '2021-12-06 13:22:41', 'legit', 4, ''),
(1079, '1206043', 1, '2021-12-06 13:22:41', 'legit', 7, ''),
(1080, '1206043', 18, '2021-12-06 13:22:41', 'legit', 2, ''),
(1081, '1206043', 8, '2021-12-06 13:22:41', 'legit', 7, ''),
(1082, '1206043', 28, '2021-12-06 13:22:42', 'legit', 2, ''),
(1083, '1206043', 25, '2021-12-06 13:22:42', 'legit', 5, ''),
(1084, '1206043', 27, '2021-12-06 13:22:42', 'legit', 7, ''),
(1085, '1206043', 10, '2021-12-06 13:22:42', 'legit', 6, ''),
(1086, '1206043', 11, '2021-12-06 13:22:42', 'legit', 6, ''),
(1087, '1206043', 34, '2021-12-06 13:22:42', 'legit', 3, ''),
(1088, '1206044', 23, '2021-12-06 13:23:49', 'legit', 6, ''),
(1089, '1206044', 2, '2021-12-06 13:23:49', 'legit', 6, ''),
(1090, '1206044', 28, '2021-12-06 13:23:49', 'legit', 5, ''),
(1091, '1206044', 10, '2021-12-06 13:23:50', 'legit', 6, ''),
(1092, '1206044', 34, '2021-12-06 13:23:50', 'legit', 2, ''),
(1093, '1206044', 4, '2021-12-06 13:23:53', 'legit', 9, ''),
(1094, '1206044', 32, '2021-12-06 13:23:53', 'legit', 2, ''),
(1095, '1206044', 17, '2021-12-06 13:23:54', 'legit', 5, ''),
(1096, '1206044', 13, '2021-12-06 13:23:55', 'legit', 6, ''),
(1097, '1206044', 30, '2021-12-06 13:23:57', 'legit', 5, ''),
(1098, '1206045', 4, '2021-12-06 13:26:12', 'legit', 8, ''),
(1099, '1206045', 22, '2021-12-06 13:26:13', 'legit', 3, ''),
(1100, '1206045', 31, '2021-12-06 13:26:14', 'legit', 4, ''),
(1101, '1206045', 26, '2021-12-06 13:26:14', 'legit', 7, ''),
(1102, '1206045', 8, '2021-12-06 13:26:16', 'legit', 10, ''),
(1103, '1206045', 5, '2021-12-06 13:26:16', 'legit', 9, ''),
(1104, '1206045', 18, '2021-12-06 13:26:16', 'legit', 5, ''),
(1105, '1206045', 24, '2021-12-06 13:26:16', 'legit', 4, ''),
(1106, '1206045', 14, '2021-12-06 13:26:16', 'legit', 7, ''),
(1107, '1206045', 15, '2021-12-06 13:26:17', 'legit', 7, ''),
(1108, '1234567', 7, '2021-12-06 14:13:52', 'legit', 7, ''),
(1109, '1234567', 27, '2021-12-06 14:13:53', 'legit', 7, ''),
(1110, '1234567', 6, '2021-12-06 14:13:54', 'legit', 9, ''),
(1111, '1234567', 12, '2021-12-06 14:13:56', 'legit', 8, ''),
(1112, '1234567', 5, '2021-12-06 14:13:57', 'legit', 7, ''),
(1113, '1234567', 4, '2021-12-06 14:14:02', 'legit', 6, ''),
(1114, '1234567', 33, '2021-12-06 14:14:04', 'legit', 1, ''),
(1115, '1234567', 32, '2021-12-06 14:14:06', 'legit', 4, ''),
(1116, '1234567', 9, '2021-12-06 14:14:07', 'legit', 6, ''),
(1117, '1234567', 34, '2021-12-06 14:14:12', 'legit', 2, ''),
(1118, '1234567', 23, '2021-12-06 19:25:11', 'hoax', 5, ''),
(1119, '1234567', 6, '2021-12-06 19:25:12', 'legit', 10, ''),
(1120, '1234567', 25, '2021-12-06 19:25:15', 'hoax', 5, ''),
(1121, '1234567', 29, '2021-12-06 19:25:18', 'hoax', 5, ''),
(1122, '1234567', 11, '2021-12-06 19:25:21', 'legit', 9, ''),
(1123, '1234567', 21, '2021-12-06 19:25:22', 'legit', 5, ''),
(1124, '1234567', 10, '2021-12-06 19:25:24', 'legit', 8, ''),
(1125, '1234567', 20, '2021-12-06 19:25:26', 'legit', 9, ''),
(1126, '1234567', 17, '2021-12-06 19:25:28', 'legit', 9, ''),
(1127, '1234567', 12, '2021-12-06 19:25:30', 'legit', 5, ''),
(1128, '1234567', 22, '2021-12-06 19:27:39', 'hoax', 5, ''),
(1129, '1234567', 16, '2021-12-06 19:27:40', 'legit', 6, ''),
(1130, '1234567', 31, '2021-12-06 19:27:42', 'legit', 3, ''),
(1131, '1234567', 26, '2021-12-06 19:27:43', 'hoax', 8, ''),
(1132, '1234567', 3, '2021-12-06 19:27:45', 'legit', 7, ''),
(1133, '1234567', 5, '2021-12-06 19:27:47', 'legit', 9, ''),
(1134, '1234567', 19, '2021-12-06 19:27:49', 'legit', 9, ''),
(1135, '1234567', 1, '2021-12-06 19:27:50', 'legit', 9, ''),
(1136, '1234567', 4, '2021-12-06 19:27:53', 'legit', 9, ''),
(1137, '1234567', 10, '2021-12-06 19:27:55', 'legit', 5, ''),
(1138, '1234567', 25, '2021-12-06 19:28:19', 'hoax', 10, ''),
(1139, '1234567', 21, '2021-12-06 19:28:21', 'legit', 7, ''),
(1140, '1234567', 12, '2021-12-06 19:28:22', 'legit', 6, ''),
(1141, '1234567', 1, '2021-12-06 19:28:24', 'legit', 9, ''),
(1142, '1234567', 8, '2021-12-06 19:28:25', 'legit', 8, ''),
(1143, '1234567', 2, '2021-12-06 19:28:27', 'legit', 3, ''),
(1144, '1234567', 32, '2021-12-06 19:28:29', 'legit', 3, ''),
(1145, '1234567', 29, '2021-12-06 19:28:31', 'hoax', 6, ''),
(1146, '1234567', 11, '2021-12-06 19:28:33', 'legit', 8, ''),
(1147, '1234567', 17, '2021-12-06 19:28:34', 'legit', 6, ''),
(1148, '1207001', 34, '2021-12-06 19:30:41', 'legit', 3, ''),
(1149, '1207001', 15, '2021-12-06 19:30:45', 'legit', 5, ''),
(1150, '1207001', 19, '2021-12-06 19:30:46', 'legit', 10, ''),
(1151, '1207001', 28, '2021-12-06 19:30:49', 'hoax', 10, ''),
(1152, '1207001', 12, '2021-12-06 19:30:50', 'legit', 6, ''),
(1153, '1207001', 24, '2021-12-06 19:30:52', 'hoax', 7, ''),
(1154, '1207001', 31, '2021-12-06 19:30:55', 'legit', 4, ''),
(1155, '1207001', 7, '2021-12-06 19:30:56', 'legit', 5, ''),
(1156, '1207001', 32, '2021-12-06 19:30:59', 'legit', 2, ''),
(1157, '1207001', 13, '2021-12-06 19:31:00', 'legit', 10, ''),
(1158, '1207001', 26, '2021-12-06 19:33:05', 'legit', 4, ''),
(1159, '1207001', 8, '2021-12-06 19:33:07', 'legit', 9, ''),
(1160, '1207001', 31, '2021-12-06 19:33:09', 'legit', 3, ''),
(1161, '1207001', 13, '2021-12-06 19:33:11', 'legit', 10, ''),
(1162, '1207001', 10, '2021-12-06 19:33:12', 'legit', 8, ''),
(1163, '1207001', 21, '2021-12-06 19:33:14', 'hoax', 10, ''),
(1164, '1207001', 11, '2021-12-06 19:33:16', 'legit', 6, ''),
(1165, '1207001', 30, '2021-12-06 19:33:19', 'legit', 8, ''),
(1166, '1207001', 24, '2021-12-06 19:33:21', 'hoax', 9, ''),
(1167, '1207001', 5, '2021-12-06 19:33:22', 'legit', 10, ''),
(1168, '1234567', 26, '2021-12-06 19:33:50', 'hoax', 7, ''),
(1169, '1234567', 8, '2021-12-06 19:36:13', 'legit', 7, ''),
(1170, '1234567', 31, '2021-12-06 19:36:16', 'hoax', 2, ''),
(1171, '1234567', 13, '2021-12-06 19:36:18', 'legit', 8, ''),
(1172, '1234567', 10, '2021-12-06 19:36:20', 'legit', 9, ''),
(1173, '1234567', 21, '2021-12-06 19:36:22', 'hoax', 6, ''),
(1174, '1234567', 11, '2021-12-06 19:36:24', 'legit', 8, ''),
(1175, '1234567', 30, '2021-12-06 19:36:26', 'legit', 7, ''),
(1176, '1234567', 24, '2021-12-06 19:36:29', 'hoax', 7, ''),
(1177, '1234567', 5, '2021-12-06 19:36:31', 'legit', 9, '');

--
-- Indexes for dumped tables
--

--
-- Indexes for table `achievement`
--
ALTER TABLE `achievement`
  ADD PRIMARY KEY (`id`);

--
-- Indexes for table `challenge`
--
ALTER TABLE `challenge`
  ADD PRIMARY KEY (`id`),
  ADD KEY `FK_USER_C` (`user1`);

--
-- Indexes for table `countries`
--
ALTER TABLE `countries`
  ADD PRIMARY KEY (`abv`),
  ADD UNIQUE KEY `slug` (`slug`);

--
-- Indexes for table `feed`
--
ALTER TABLE `feed`
  ADD PRIMARY KEY (`id`),
  ADD KEY `FK_USER1_F` (`user`);

--
-- Indexes for table `news`
--
ALTER TABLE `news`
  ADD PRIMARY KEY (`id`),
  ADD KEY `id` (`id`);

--
-- Indexes for table `news_reference`
--
ALTER TABLE `news_reference`
  ADD PRIMARY KEY (`id`),
  ADD KEY `FK_NEWS_NR` (`news`);

--
-- Indexes for table `news_tag`
--
ALTER TABLE `news_tag`
  ADD PRIMARY KEY (`id`),
  ADD KEY `FK_NEWS_NT` (`news`),
  ADD KEY `FK_TAG_NT` (`tag`);

--
-- Indexes for table `tags`
--
ALTER TABLE `tags`
  ADD PRIMARY KEY (`id`);

--
-- Indexes for table `user`
--
ALTER TABLE `user`
  ADD PRIMARY KEY (`id`),
  ADD KEY `id` (`id`);

--
-- Indexes for table `user_achievement`
--
ALTER TABLE `user_achievement`
  ADD PRIMARY KEY (`id`),
  ADD KEY `FK_USER_UAC` (`user`),
  ADD KEY `FK_ACHIEVEMENT_UAC` (`achievement`);

--
-- Indexes for table `user_answer`
--
ALTER TABLE `user_answer`
  ADD PRIMARY KEY (`id`),
  ADD KEY `FK_NEWS_UA` (`news`),
  ADD KEY `FK_USER_UA` (`user`);

--
-- AUTO_INCREMENT for dumped tables
--

--
-- AUTO_INCREMENT for table `achievement`
--
ALTER TABLE `achievement`
  MODIFY `id` int(11) NOT NULL AUTO_INCREMENT, AUTO_INCREMENT=18;

--
-- AUTO_INCREMENT for table `challenge`
--
ALTER TABLE `challenge`
  MODIFY `id` int(11) NOT NULL AUTO_INCREMENT, AUTO_INCREMENT=35;

--
-- AUTO_INCREMENT for table `feed`
--
ALTER TABLE `feed`
  MODIFY `id` int(11) NOT NULL AUTO_INCREMENT, AUTO_INCREMENT=102;

--
-- AUTO_INCREMENT for table `news`
--
ALTER TABLE `news`
  MODIFY `id` int(11) NOT NULL AUTO_INCREMENT, AUTO_INCREMENT=35;

--
-- AUTO_INCREMENT for table `news_reference`
--
ALTER TABLE `news_reference`
  MODIFY `id` int(11) NOT NULL AUTO_INCREMENT, AUTO_INCREMENT=56;

--
-- AUTO_INCREMENT for table `news_tag`
--
ALTER TABLE `news_tag`
  MODIFY `id` int(11) NOT NULL AUTO_INCREMENT, AUTO_INCREMENT=7;

--
-- AUTO_INCREMENT for table `tags`
--
ALTER TABLE `tags`
  MODIFY `id` int(11) NOT NULL AUTO_INCREMENT, AUTO_INCREMENT=16;

--
-- AUTO_INCREMENT for table `user_achievement`
--
ALTER TABLE `user_achievement`
  MODIFY `id` int(11) NOT NULL AUTO_INCREMENT, AUTO_INCREMENT=103;

--
-- AUTO_INCREMENT for table `user_answer`
--
ALTER TABLE `user_answer`
  MODIFY `id` int(11) NOT NULL AUTO_INCREMENT, AUTO_INCREMENT=1178;

--
-- Constraints for dumped tables
--

--
-- Constraints for table `challenge`
--
ALTER TABLE `challenge`
  ADD CONSTRAINT `FK_USER_C` FOREIGN KEY (`user1`) REFERENCES `user` (`id`);

--
-- Constraints for table `feed`
--
ALTER TABLE `feed`
  ADD CONSTRAINT `FK_USER1_F` FOREIGN KEY (`user`) REFERENCES `user` (`id`);

--
-- Constraints for table `news_reference`
--
ALTER TABLE `news_reference`
  ADD CONSTRAINT `FK_NEWS_NR` FOREIGN KEY (`news`) REFERENCES `news` (`id`);

--
-- Constraints for table `news_tag`
--
ALTER TABLE `news_tag`
  ADD CONSTRAINT `FK_NEWS_NT` FOREIGN KEY (`news`) REFERENCES `news` (`id`),
  ADD CONSTRAINT `FK_TAG_NT` FOREIGN KEY (`tag`) REFERENCES `tags` (`id`);

--
-- Constraints for table `user_achievement`
--
ALTER TABLE `user_achievement`
  ADD CONSTRAINT `FK_ACHIEVEMENT_UAC` FOREIGN KEY (`achievement`) REFERENCES `achievement` (`id`),
  ADD CONSTRAINT `FK_USER_UAC` FOREIGN KEY (`user`) REFERENCES `user` (`id`);

--
-- Constraints for table `user_answer`
--
ALTER TABLE `user_answer`
  ADD CONSTRAINT `FK_NEWS_UA` FOREIGN KEY (`news`) REFERENCES `news` (`id`),
  ADD CONSTRAINT `FK_USER_UA` FOREIGN KEY (`user`) REFERENCES `user` (`id`);
COMMIT;

/*!40101 SET CHARACTER_SET_CLIENT=@OLD_CHARACTER_SET_CLIENT */;
/*!40101 SET CHARACTER_SET_RESULTS=@OLD_CHARACTER_SET_RESULTS */;
/*!40101 SET COLLATION_CONNECTION=@OLD_COLLATION_CONNECTION */;
